entidad_nacimiento,Nivel Agregación,Rango_edad_2,fecha,PTPD_Aseg,PTPD_Aseg_H,PTPD_Aseg_M,PTPD_Aseg_NB,PTPD_Puestos,PTPD_Puestos_H,PTPD_Puestos_M,PTPD_Puestos_NB,TOTAL
Aguascalientes,subdel,75 años y más,202508,26,23,3,0,1,1,0,0,1
Baja California,subdel,75 años y más,202508,38,37,1,0,2,1,1,0,2
Baja California Sur,subdel,75 años y más,202508,22,22,0,0,0,0,0,0,0
Campeche,subdel,75 años y más,202508,37,34,3,0,0,0,0,0,0
Chiapas,subdel,75 años y más,202508,17,17,0,0,0,0,0,0,0
Chihuahua,subdel,75 años y más,202508,61,59,2,0,2,2,0,0,2
Ciudad de México,subdel,75 años y más,202508,120,117,3,0,6,6,0,0,6
Coahuila de Zaragoza,subdel,75 años y más,202508,67,65,2,0,9,9,0,0,9
Colima,subdel,75 años y más,202508,4,4,0,0,1,1,0,0,1
Durango,subdel,75 años y más,202508,4,4,0,0,0,0,0,0,0
Extranjero/Extranjera,subdel,75 años y más,202508,14,14,0,0,0,0,0,0,0
Guanajuato,subdel,75 años y más,202508,59,58,1,0,1,1,0,0,1
Guerrero,subdel,75 años y más,202508,10,10,0,0,1,1,0,0,1
Hidalgo,subdel,75 años y más,202508,5,4,1,0,1,1,0,0,1
Jalisco,subdel,75 años y más,202508,138,134,4,0,10,10,0,0,10
México,subdel,75 años y más,202508,46,43,3,0,2,2,0,0,2
Michoacán de Ocampo,subdel,75 años y más,202508,15,15,0,0,0,0,0,0,0
Morelos,subdel,75 años y más,202508,5,5,0,0,0,0,0,0,0
Nayarit,subdel,75 años y más,202508,109,108,1,0,8,8,0,0,8
Nuevo León,subdel,75 años y más,202508,10,9,1,0,0,0,0,0,0
Oaxaca,subdel,75 años y más,202508,8,7,1,0,2,2,0,0,2
Puebla,subdel,75 años y más,202508,28,27,1,0,1,1,0,0,1
Querétaro,subdel,75 años y más,202508,32,31,1,0,1,1,0,0,1
Quintana Roo,subdel,75 años y más,202508,39,39,0,0,2,2,0,0,2
San Luis Potosí,subdel,75 años y más,202508,80,79,1,0,5,5,0,0,5
Sinaloa,subdel,75 años y más,202508,101,100,1,0,4,4,0,0,4
Sonora,subdel,75 años y más,202508,82,80,2,0,3,3,0,0,3
Tabasco,subdel,75 años y más,202508,9,9,0,0,0,0,0,0,0
Tamaulipas,subdel,75 años y más,202508,14,14,0,0,1,1,0,0,1
Tlaxcala,subdel,75 años y más,202508,6,6,0,0,0,0,0,0,0
Veracruz,subdel,75 años y más,202508,69,62,7,0,3,3,0,0,3
Yucatán,subdel,75 años y más,202508,60,56,4,0,1,1,0,0,1
Zacatecas,subdel,75 años y más,202508,6,6,0,0,0,0,0,0,0
Aguascalientes,subdel,Entre 15 y 20 años,202508,19,19,0,0,2,2,0,0,2
Baja California,subdel,Entre 15 y 20 años,202508,32,30,2,0,1,1,0,0,1
Baja California Sur,subdel,Entre 15 y 20 años,202508,18,17,1,0,2,2,0,0,2
Campeche,subdel,Entre 15 y 20 años,202508,7,7,0,0,0,0,0,0,0
Chiapas,subdel,Entre 15 y 20 años,202508,12,12,0,0,1,1,0,0,1
Chihuahua,subdel,Entre 15 y 20 años,202508,99,95,4,0,7,7,0,0,7
Ciudad de México,subdel,Entre 15 y 20 años,202508,40,39,1,0,2,2,0,0,2
Coahuila de Zaragoza,subdel,Entre 15 y 20 años,202508,90,87,3,0,5,5,0,0,5
Colima,subdel,Entre 15 y 20 años,202508,2,2,0,0,0,0,0,0,0
Durango,subdel,Entre 15 y 20 años,202508,9,9,0,0,0,0,0,0,0
Guanajuato,subdel,Entre 15 y 20 años,202508,47,47,0,0,0,0,0,0,0
Guerrero,subdel,Entre 15 y 20 años,202508,6,6,0,0,0,0,0,0,0
Hidalgo,subdel,Entre 15 y 20 años,202508,2,2,0,0,0,0,0,0,0
Jalisco,subdel,Entre 15 y 20 años,202508,99,99,0,0,6,6,0,0,6
México,subdel,Entre 15 y 20 años,202508,18,18,0,0,0,0,0,0,0
Michoacán de Ocampo,subdel,Entre 15 y 20 años,202508,6,6,0,0,0,0,0,0,0
Morelos,subdel,Entre 15 y 20 años,202508,5,5,0,0,0,0,0,0,0
Nayarit,subdel,Entre 15 y 20 años,202508,31,31,0,0,3,3,0,0,3
Nuevo León,subdel,Entre 15 y 20 años,202508,16,16,0,0,0,0,0,0,0
Oaxaca,subdel,Entre 15 y 20 años,202508,5,5,0,0,0,0,0,0,0
Puebla,subdel,Entre 15 y 20 años,202508,20,19,1,0,0,0,0,0,0
Querétaro,subdel,Entre 15 y 20 años,202508,22,22,0,0,1,1,0,0,1
Quintana Roo,subdel,Entre 15 y 20 años,202508,31,30,1,0,1,1,0,0,1
San Luis Potosí,subdel,Entre 15 y 20 años,202508,55,53,2,0,1,1,0,0,1
Sinaloa,subdel,Entre 15 y 20 años,202508,70,67,3,0,5,4,1,0,5
Sonora,subdel,Entre 15 y 20 años,202508,58,56,2,0,4,4,0,0,4
Tabasco,subdel,Entre 15 y 20 años,202508,13,13,0,0,0,0,0,0,0
Tamaulipas,subdel,Entre 15 y 20 años,202508,10,9,1,0,0,0,0,0,0
Veracruz,subdel,Entre 15 y 20 años,202508,36,36,0,0,1,1,0,0,1
Yucatán,subdel,Entre 15 y 20 años,202508,27,27,0,0,0,0,0,0,0
Zacatecas,subdel,Entre 15 y 20 años,202508,1,1,0,0,0,0,0,0,0
Aguascalientes,subdel,Entre 20 y 25 años,202508,292,273,19,0,11,8,3,0,11
Baja California,subdel,Entre 20 y 25 años,202508,352,341,11,0,23,23,0,0,23
Baja California Sur,subdel,Entre 20 y 25 años,202508,225,201,24,0,10,10,0,0,10
Campeche,subdel,Entre 20 y 25 años,202508,252,232,20,0,15,15,0,0,15
Chiapas,subdel,Entre 20 y 25 años,202508,221,212,9,0,11,11,0,0,11
Chihuahua,subdel,Entre 20 y 25 años,202508,1038,943,95,0,36,35,1,0,36
Ciudad de México,subdel,Entre 20 y 25 años,202508,1057,1027,30,0,35,35,0,0,35
Coahuila de Zaragoza,subdel,Entre 20 y 25 años,202508,1191,1130,61,0,145,142,3,0,145
Colima,subdel,Entre 20 y 25 años,202508,26,25,1,0,0,0,0,0,0
Durango,subdel,Entre 20 y 25 años,202508,81,77,4,0,4,4,0,0,4
Extranjero/Extranjera,subdel,Entre 20 y 25 años,202508,74,70,4,0,0,0,0,0,0
Guanajuato,subdel,Entre 20 y 25 años,202508,603,589,14,0,16,16,0,0,16
Guerrero,subdel,Entre 20 y 25 años,202508,141,137,4,0,12,12,0,0,12
Hidalgo,subdel,Entre 20 y 25 años,202508,48,47,1,0,0,0,0,0,0
Jalisco,subdel,Entre 20 y 25 años,202508,1232,1184,48,0,85,85,0,0,85
México,subdel,Entre 20 y 25 años,202508,547,530,17,0,18,16,2,0,18
Michoacán de Ocampo,subdel,Entre 20 y 25 años,202508,200,190,10,0,10,10,0,0,10
Morelos,subdel,Entre 20 y 25 años,202508,62,59,3,0,2,2,0,0,2
Nayarit,subdel,Entre 20 y 25 años,202508,664,639,25,0,74,73,1,0,74
Nuevo León,subdel,Entre 20 y 25 años,202508,210,206,4,0,11,11,0,0,11
Oaxaca,subdel,Entre 20 y 25 años,202508,133,129,4,0,7,7,0,0,7
Puebla,subdel,Entre 20 y 25 años,202508,296,286,10,0,8,8,0,0,8
Querétaro,subdel,Entre 20 y 25 años,202508,317,307,10,0,18,18,0,0,18
Quintana Roo,subdel,Entre 20 y 25 años,202508,328,316,12,0,10,10,0,0,10
San Luis Potosí,subdel,Entre 20 y 25 años,202508,822,765,57,0,53,51,2,0,53
Sinaloa,subdel,Entre 20 y 25 años,202508,999,955,44,0,54,54,0,0,54
Sonora,subdel,Entre 20 y 25 años,202508,859,810,49,0,67,64,3,0,67
Tabasco,subdel,Entre 20 y 25 años,202508,224,208,16,0,14,13,1,0,14
Tamaulipas,subdel,Entre 20 y 25 años,202508,231,216,15,0,7,7,0,0,7
Tlaxcala,subdel,Entre 20 y 25 años,202508,47,45,2,0,3,3,0,0,3
Veracruz,subdel,Entre 20 y 25 años,202508,918,870,48,0,67,64,3,0,67
Yucatán,subdel,Entre 20 y 25 años,202508,763,721,42,0,29,29,0,0,29
Zacatecas,subdel,Entre 20 y 25 años,202508,43,38,5,0,2,1,1,0,2
Aguascalientes,subdel,Entre 25 y 30 años,202508,455,418,37,0,21,20,1,0,21
Baja California,subdel,Entre 25 y 30 años,202508,569,527,42,0,47,45,2,0,47
Baja California Sur,subdel,Entre 25 y 30 años,202508,253,217,36,0,10,10,0,0,10
Campeche,subdel,Entre 25 y 30 años,202508,550,494,56,0,33,33,0,0,33
Chiapas,subdel,Entre 25 y 30 años,202508,443,423,20,0,21,20,1,0,21
Chihuahua,subdel,Entre 25 y 30 años,202508,1408,1236,172,0,120,109,11,0,120
Ciudad de México,subdel,Entre 25 y 30 años,202508,2183,2078,105,0,113,111,2,0,113
Coahuila de Zaragoza,subdel,Entre 25 y 30 años,202508,1913,1789,124,0,256,245,11,0,256
Colima,subdel,Entre 25 y 30 años,202508,52,50,2,0,5,5,0,0,5
Durango,subdel,Entre 25 y 30 años,202508,155,146,9,0,11,11,0,0,11
Extranjero/Extranjera,subdel,Entre 25 y 30 años,202508,97,92,5,0,0,0,0,0,0
Guanajuato,subdel,Entre 25 y 30 años,202508,1046,1002,44,0,59,58,1,0,59
Guerrero,subdel,Entre 25 y 30 años,202508,289,273,16,0,37,34,3,0,37
Hidalgo,subdel,Entre 25 y 30 años,202508,113,110,3,0,8,8,0,0,8
Jalisco,subdel,Entre 25 y 30 años,202508,1928,1825,103,0,142,135,7,0,142
México,subdel,Entre 25 y 30 años,202508,998,977,21,0,62,62,0,0,62
Michoacán de Ocampo,subdel,Entre 25 y 30 años,202508,407,393,14,0,17,16,1,0,17
Morelos,subdel,Entre 25 y 30 años,202508,129,123,6,0,6,6,0,0,6
Nayarit,subdel,Entre 25 y 30 años,202508,1044,999,45,0,127,127,0,0,127
Nuevo León,subdel,Entre 25 y 30 años,202508,431,414,17,0,31,31,0,0,31
Oaxaca,subdel,Entre 25 y 30 años,202508,358,344,14,0,28,27,1,0,28
Puebla,subdel,Entre 25 y 30 años,202508,625,599,26,0,36,35,1,0,36
Querétaro,subdel,Entre 25 y 30 años,202508,613,574,39,0,61,61,0,0,61
Quintana Roo,subdel,Entre 25 y 30 años,202508,487,448,39,0,31,31,0,0,31
San Luis Potosí,subdel,Entre 25 y 30 años,202508,1332,1231,101,0,106,101,5,0,106
Sinaloa,subdel,Entre 25 y 30 años,202508,1435,1340,95,0,72,68,4,0,72
Sonora,subdel,Entre 25 y 30 años,202508,1362,1209,153,0,128,111,17,0,128
Tabasco,subdel,Entre 25 y 30 años,202508,469,437,32,0,32,32,0,0,32
Tamaulipas,subdel,Entre 25 y 30 años,202508,446,425,21,0,24,22,2,0,24
Tlaxcala,subdel,Entre 25 y 30 años,202508,59,58,1,0,4,4,0,0,4
Veracruz,subdel,Entre 25 y 30 años,202508,2058,1917,141,0,176,169,7,0,176
Yucatán,subdel,Entre 25 y 30 años,202508,1393,1303,90,0,115,113,2,0,115
Zacatecas,subdel,Entre 25 y 30 años,202508,82,75,7,0,8,8,0,0,8
Aguascalientes,subdel,Entre 30 y 35 años,202508,524,482,42,0,28,27,1,0,28
Baja California,subdel,Entre 30 y 35 años,202508,577,518,59,0,54,51,3,0,54
Baja California Sur,subdel,Entre 30 y 35 años,202508,262,216,46,0,26,24,2,0,26
Campeche,subdel,Entre 30 y 35 años,202508,659,589,70,0,72,67,5,0,72
Chiapas,subdel,Entre 30 y 35 años,202508,481,459,22,0,44,42,2,0,44
Chihuahua,subdel,Entre 30 y 35 años,202508,1543,1339,204,0,139,122,17,0,139
Ciudad de México,subdel,Entre 30 y 35 años,202508,3314,3162,152,0,252,248,4,0,252
Coahuila de Zaragoza,subdel,Entre 30 y 35 años,202508,2400,2167,233,0,418,398,20,0,418
Colima,subdel,Entre 30 y 35 años,202508,47,41,6,0,4,4,0,0,4
Durango,subdel,Entre 30 y 35 años,202508,254,232,22,0,23,22,1,0,23
Extranjero/Extranjera,subdel,Entre 30 y 35 años,202508,140,126,14,0,0,0,0,0,0
Guanajuato,subdel,Entre 30 y 35 años,202508,1272,1211,61,0,82,79,3,0,82
Guerrero,subdel,Entre 30 y 35 años,202508,360,338,22,0,42,41,1,0,42
Hidalgo,subdel,Entre 30 y 35 años,202508,168,156,12,0,15,15,0,0,15
Jalisco,subdel,Entre 30 y 35 años,202508,2257,2083,174,0,224,208,16,0,224
México,subdel,Entre 30 y 35 años,202508,1278,1228,50,0,104,98,6,0,104
Michoacán de Ocampo,subdel,Entre 30 y 35 años,202508,531,502,29,0,23,22,1,0,23
Morelos,subdel,Entre 30 y 35 años,202508,181,171,10,0,10,9,1,0,10
Nayarit,subdel,Entre 30 y 35 años,202508,1086,1013,73,0,146,141,5,0,146
Nuevo León,subdel,Entre 30 y 35 años,202508,638,601,37,0,47,46,1,0,47
Oaxaca,subdel,Entre 30 y 35 años,202508,422,398,24,0,36,35,1,0,36
Puebla,subdel,Entre 30 y 35 años,202508,861,827,34,0,56,56,0,0,56
Querétaro,subdel,Entre 30 y 35 años,202508,765,719,46,0,75,73,2,0,75
Quintana Roo,subdel,Entre 30 y 35 años,202508,469,420,49,0,21,20,1,0,21
San Luis Potosí,subdel,Entre 30 y 35 años,202508,1554,1419,135,0,140,136,4,0,140
Sinaloa,subdel,Entre 30 y 35 años,202508,1517,1395,122,0,94,88,6,0,94
Sonora,subdel,Entre 30 y 35 años,202508,1520,1326,194,0,165,150,15,0,165
Tabasco,subdel,Entre 30 y 35 años,202508,518,492,26,0,47,46,1,0,47
Tamaulipas,subdel,Entre 30 y 35 años,202508,497,460,37,0,26,25,1,0,26
Tlaxcala,subdel,Entre 30 y 35 años,202508,72,71,1,0,6,6,0,0,6
Veracruz,subdel,Entre 30 y 35 años,202508,2608,2435,173,0,274,266,8,0,274
Yucatán,subdel,Entre 30 y 35 años,202508,1769,1616,153,0,128,122,6,0,128
Zacatecas,subdel,Entre 30 y 35 años,202508,126,113,13,0,19,18,1,0,19
Aguascalientes,subdel,Entre 35 y 40 años,202508,448,403,45,0,36,34,2,0,36
Baja California,subdel,Entre 35 y 40 años,202508,479,435,44,0,53,51,2,0,53
Baja California Sur,subdel,Entre 35 y 40 años,202508,220,176,44,0,23,21,2,0,23
Campeche,subdel,Entre 35 y 40 años,202508,599,537,62,0,62,59,3,0,62
Chiapas,subdel,Entre 35 y 40 años,202508,465,442,23,0,46,45,1,0,46
Chihuahua,subdel,Entre 35 y 40 años,202508,1159,1003,156,0,111,102,9,0,111
Ciudad de México,subdel,Entre 35 y 40 años,202508,3994,3811,183,0,377,363,14,0,377
Coahuila de Zaragoza,subdel,Entre 35 y 40 años,202508,1977,1811,166,0,366,347,19,0,366
Colima,subdel,Entre 35 y 40 años,202508,52,51,1,0,7,7,0,0,7
Durango,subdel,Entre 35 y 40 años,202508,192,177,15,0,16,16,0,0,16
Extranjero/Extranjera,subdel,Entre 35 y 40 años,202508,116,112,4,0,0,0,0,0,0
Guanajuato,subdel,Entre 35 y 40 años,202508,1100,1043,57,0,83,77,6,0,83
Guerrero,subdel,Entre 35 y 40 años,202508,346,313,33,0,38,32,6,0,38
Hidalgo,subdel,Entre 35 y 40 años,202508,137,129,8,0,18,17,1,0,18
Jalisco,subdel,Entre 35 y 40 años,202508,2168,2004,164,0,198,193,5,0,198
México,subdel,Entre 35 y 40 años,202508,1081,1034,47,0,91,88,3,0,91
Michoacán de Ocampo,subdel,Entre 35 y 40 años,202508,450,426,24,0,34,33,1,0,34
Morelos,subdel,Entre 35 y 40 años,202508,151,146,5,0,11,11,0,0,11
Nayarit,subdel,Entre 35 y 40 años,202508,1067,986,81,0,175,168,7,0,175
Nuevo León,subdel,Entre 35 y 40 años,202508,640,608,32,0,57,53,4,0,57
Oaxaca,subdel,Entre 35 y 40 años,202508,340,314,26,0,32,30,2,0,32
Puebla,subdel,Entre 35 y 40 años,202508,773,734,39,0,60,59,1,0,60
Querétaro,subdel,Entre 35 y 40 años,202508,652,609,43,0,85,79,6,0,85
Quintana Roo,subdel,Entre 35 y 40 años,202508,300,270,30,0,22,18,4,0,22
San Luis Potosí,subdel,Entre 35 y 40 años,202508,1200,1098,102,0,152,146,6,0,152
Sinaloa,subdel,Entre 35 y 40 años,202508,1284,1156,128,0,102,95,7,0,102
Sonora,subdel,Entre 35 y 40 años,202508,1347,1163,184,0,172,154,18,0,172
Tabasco,subdel,Entre 35 y 40 años,202508,506,469,37,0,52,49,3,0,52
Tamaulipas,subdel,Entre 35 y 40 años,202508,471,432,39,0,29,26,3,0,29
Tlaxcala,subdel,Entre 35 y 40 años,202508,78,78,0,0,11,11,0,0,11
Veracruz,subdel,Entre 35 y 40 años,202508,2498,2325,173,0,269,258,11,0,269
Yucatán,subdel,Entre 35 y 40 años,202508,1677,1524,153,0,149,138,11,0,149
Zacatecas,subdel,Entre 35 y 40 años,202508,154,142,12,0,20,20,0,0,20
Aguascalientes,subdel,Entre 40 y 45 años,202508,284,254,30,0,19,16,3,0,19
Baja California,subdel,Entre 40 y 45 años,202508,355,320,35,0,41,40,1,0,41
Baja California Sur,subdel,Entre 40 y 45 años,202508,154,127,27,0,9,9,0,0,9
Campeche,subdel,Entre 40 y 45 años,202508,377,342,35,0,55,55,0,0,55
Chiapas,subdel,Entre 40 y 45 años,202508,327,317,10,0,31,29,2,0,31
Chihuahua,subdel,Entre 40 y 45 años,202508,785,671,114,0,75,65,10,0,75
Ciudad de México,subdel,Entre 40 y 45 años,202508,4051,3857,194,0,408,398,10,0,408
Coahuila de Zaragoza,subdel,Entre 40 y 45 años,202508,1540,1411,129,0,282,266,16,0,282
Colima,subdel,Entre 40 y 45 años,202508,34,33,1,0,1,1,0,0,1
Durango,subdel,Entre 40 y 45 años,202508,185,164,21,0,18,16,2,0,18
Extranjero/Extranjera,subdel,Entre 40 y 45 años,202508,95,88,7,0,0,0,0,0,0
Guanajuato,subdel,Entre 40 y 45 años,202508,932,885,47,0,74,72,2,0,74
Guerrero,subdel,Entre 40 y 45 años,202508,231,211,20,0,20,20,0,0,20
Hidalgo,subdel,Entre 40 y 45 años,202508,104,98,6,0,17,17,0,0,17
Jalisco,subdel,Entre 40 y 45 años,202508,1753,1633,120,0,207,192,15,0,207
México,subdel,Entre 40 y 45 años,202508,665,638,27,0,57,53,4,0,57
Michoacán de Ocampo,subdel,Entre 40 y 45 años,202508,327,306,21,0,26,26,0,0,26
Morelos,subdel,Entre 40 y 45 años,202508,130,129,1,0,8,8,0,0,8
Nayarit,subdel,Entre 40 y 45 años,202508,877,831,46,0,149,143,6,0,149
Nuevo León,subdel,Entre 40 y 45 años,202508,566,539,27,0,60,58,2,0,60
Oaxaca,subdel,Entre 40 y 45 años,202508,287,269,18,0,30,29,1,0,30
Puebla,subdel,Entre 40 y 45 años,202508,667,621,46,0,53,50,3,0,53
Querétaro,subdel,Entre 40 y 45 años,202508,519,493,26,0,72,68,4,0,72
Quintana Roo,subdel,Entre 40 y 45 años,202508,165,155,10,0,17,17,0,0,17
San Luis Potosí,subdel,Entre 40 y 45 años,202508,819,745,74,0,102,95,7,0,102
Sinaloa,subdel,Entre 40 y 45 años,202508,1029,918,111,0,94,89,5,0,94
Sonora,subdel,Entre 40 y 45 años,202508,1069,928,141,0,149,129,20,0,149
Tabasco,subdel,Entre 40 y 45 años,202508,363,338,25,0,45,44,1,0,45
Tamaulipas,subdel,Entre 40 y 45 años,202508,399,373,26,0,36,36,0,0,36
Tlaxcala,subdel,Entre 40 y 45 años,202508,42,40,2,0,4,4,0,0,4
Veracruz,subdel,Entre 40 y 45 años,202508,2059,1932,127,0,257,246,11,0,257
Yucatán,subdel,Entre 40 y 45 años,202508,1295,1195,100,0,122,117,5,0,122
Zacatecas,subdel,Entre 40 y 45 años,202508,129,120,9,0,10,9,1,0,10
Aguascalientes,subdel,Entre 45 y 50 años,202508,195,179,16,0,29,29,0,0,29
Baja California,subdel,Entre 45 y 50 años,202508,219,200,19,0,31,31,0,0,31
Baja California Sur,subdel,Entre 45 y 50 años,202508,123,103,20,0,10,8,2,0,10
Campeche,subdel,Entre 45 y 50 años,202508,211,187,24,0,30,29,1,0,30
Chiapas,subdel,Entre 45 y 50 años,202508,203,197,6,0,25,25,0,0,25
Chihuahua,subdel,Entre 45 y 50 años,202508,560,487,73,0,68,61,7,0,68
Ciudad de México,subdel,Entre 45 y 50 años,202508,3278,3120,158,0,380,373,7,0,380
Coahuila de Zaragoza,subdel,Entre 45 y 50 años,202508,1056,977,79,0,216,208,8,0,216
Colima,subdel,Entre 45 y 50 años,202508,26,23,3,0,1,1,0,0,1
Durango,subdel,Entre 45 y 50 años,202508,147,138,9,0,23,20,3,0,23
Extranjero/Extranjera,subdel,Entre 45 y 50 años,202508,75,73,2,0,0,0,0,0,0
Guanajuato,subdel,Entre 45 y 50 años,202508,622,591,31,0,49,49,0,0,49
Guerrero,subdel,Entre 45 y 50 años,202508,182,169,13,0,24,23,1,0,24
Hidalgo,subdel,Entre 45 y 50 años,202508,84,80,4,0,15,15,0,0,15
Jalisco,subdel,Entre 45 y 50 años,202508,1300,1207,93,0,148,141,7,0,148
México,subdel,Entre 45 y 50 años,202508,404,387,17,0,36,36,0,0,36
Michoacán de Ocampo,subdel,Entre 45 y 50 años,202508,275,264,11,0,21,21,0,0,21
Morelos,subdel,Entre 45 y 50 años,202508,96,92,4,0,8,8,0,0,8
Nayarit,subdel,Entre 45 y 50 años,202508,648,612,36,0,109,105,4,0,109
Nuevo León,subdel,Entre 45 y 50 años,202508,473,449,24,0,52,52,0,0,52
Oaxaca,subdel,Entre 45 y 50 años,202508,195,189,6,0,21,21,0,0,21
Puebla,subdel,Entre 45 y 50 años,202508,476,454,22,0,45,45,0,0,45
Querétaro,subdel,Entre 45 y 50 años,202508,410,390,20,0,54,54,0,0,54
Quintana Roo,subdel,Entre 45 y 50 años,202508,93,86,7,0,10,9,1,0,10
San Luis Potosí,subdel,Entre 45 y 50 años,202508,582,535,47,0,91,85,6,0,91
Sinaloa,subdel,Entre 45 y 50 años,202508,751,687,64,0,92,87,5,0,92
Sonora,subdel,Entre 45 y 50 años,202508,706,612,94,0,118,109,9,0,118
Tabasco,subdel,Entre 45 y 50 años,202508,193,179,14,0,29,28,1,0,29
Tamaulipas,subdel,Entre 45 y 50 años,202508,288,265,23,0,27,26,1,0,27
Tlaxcala,subdel,Entre 45 y 50 años,202508,41,41,0,0,5,5,0,0,5
Veracruz,subdel,Entre 45 y 50 años,202508,1525,1444,81,0,208,199,9,0,208
Yucatán,subdel,Entre 45 y 50 años,202508,878,812,66,0,119,115,4,0,119
Zacatecas,subdel,Entre 45 y 50 años,202508,96,90,6,0,12,12,0,0,12
Aguascalientes,subdel,Entre 50 y 55 años,202508,131,118,13,0,13,13,0,0,13
Baja California,subdel,Entre 50 y 55 años,202508,178,159,19,0,23,22,1,0,23
Baja California Sur,subdel,Entre 50 y 55 años,202508,53,46,7,0,6,6,0,0,6
Campeche,subdel,Entre 50 y 55 años,202508,154,129,25,0,21,19,2,0,21
Chiapas,subdel,Entre 50 y 55 años,202508,93,87,6,0,11,11,0,0,11
Chihuahua,subdel,Entre 50 y 55 años,202508,336,304,32,0,47,46,1,0,47
Ciudad de México,subdel,Entre 50 y 55 años,202508,2678,2556,122,0,312,301,11,0,312
Coahuila de Zaragoza,subdel,Entre 50 y 55 años,202508,605,572,33,0,141,136,5,0,141
Colima,subdel,Entre 50 y 55 años,202508,13,10,3,0,0,0,0,0,0
Durango,subdel,Entre 50 y 55 años,202508,76,70,6,0,18,17,1,0,18
Extranjero/Extranjera,subdel,Entre 50 y 55 años,202508,47,44,3,0,0,0,0,0,0
Guanajuato,subdel,Entre 50 y 55 años,202508,421,404,17,0,54,50,4,0,54
Guerrero,subdel,Entre 50 y 55 años,202508,126,123,3,0,19,19,0,0,19
Hidalgo,subdel,Entre 50 y 55 años,202508,58,55,3,0,6,6,0,0,6
Jalisco,subdel,Entre 50 y 55 años,202508,868,820,48,0,98,96,2,0,98
México,subdel,Entre 50 y 55 años,202508,226,218,8,0,21,21,0,0,21
Michoacán de Ocampo,subdel,Entre 50 y 55 años,202508,178,171,7,0,11,10,1,0,11
Morelos,subdel,Entre 50 y 55 años,202508,63,59,4,0,11,11,0,0,11
Nayarit,subdel,Entre 50 y 55 años,202508,383,371,12,0,53,53,0,0,53
Nuevo León,subdel,Entre 50 y 55 años,202508,296,292,4,0,35,35,0,0,35
Oaxaca,subdel,Entre 50 y 55 años,202508,119,115,4,0,18,18,0,0,18
Puebla,subdel,Entre 50 y 55 años,202508,324,310,14,0,29,28,1,0,29
Querétaro,subdel,Entre 50 y 55 años,202508,280,266,14,0,38,34,4,0,38
Quintana Roo,subdel,Entre 50 y 55 años,202508,30,28,2,0,2,2,0,0,2
San Luis Potosí,subdel,Entre 50 y 55 años,202508,358,331,27,0,55,53,2,0,55
Sinaloa,subdel,Entre 50 y 55 años,202508,433,389,44,0,67,65,2,0,67
Sonora,subdel,Entre 50 y 55 años,202508,442,382,60,0,90,83,7,0,90
Tabasco,subdel,Entre 50 y 55 años,202508,129,121,8,0,23,21,2,0,23
Tamaulipas,subdel,Entre 50 y 55 años,202508,186,172,14,0,20,20,0,0,20
Tlaxcala,subdel,Entre 50 y 55 años,202508,35,34,1,0,4,4,0,0,4
Veracruz,subdel,Entre 50 y 55 años,202508,1013,950,63,0,133,122,11,0,133
Yucatán,subdel,Entre 50 y 55 años,202508,589,537,52,0,56,54,2,0,56
Zacatecas,subdel,Entre 50 y 55 años,202508,79,77,2,0,11,10,1,0,11
Aguascalientes,subdel,Entre 55 y 60 años,202508,85,81,4,0,10,9,1,0,10
Baja California,subdel,Entre 55 y 60 años,202508,78,75,3,0,13,13,0,0,13
Baja California Sur,subdel,Entre 55 y 60 años,202508,22,20,2,0,5,5,0,0,5
Campeche,subdel,Entre 55 y 60 años,202508,95,83,12,0,23,22,1,0,23
Chiapas,subdel,Entre 55 y 60 años,202508,52,50,2,0,8,8,0,0,8
Chihuahua,subdel,Entre 55 y 60 años,202508,197,182,15,0,29,27,2,0,29
Ciudad de México,subdel,Entre 55 y 60 años,202508,1578,1507,71,0,201,198,3,0,201
Coahuila de Zaragoza,subdel,Entre 55 y 60 años,202508,377,357,20,0,85,83,2,0,85
Colima,subdel,Entre 55 y 60 años,202508,12,12,0,0,1,1,0,0,1
Durango,subdel,Entre 55 y 60 años,202508,54,51,3,0,7,7,0,0,7
Extranjero/Extranjera,subdel,Entre 55 y 60 años,202508,37,35,2,0,0,0,0,0,0
Guanajuato,subdel,Entre 55 y 60 años,202508,265,259,6,0,26,26,0,0,26
Guerrero,subdel,Entre 55 y 60 años,202508,66,63,3,0,5,5,0,0,5
Hidalgo,subdel,Entre 55 y 60 años,202508,41,41,0,0,8,8,0,0,8
Jalisco,subdel,Entre 55 y 60 años,202508,517,501,16,0,91,88,3,0,91
México,subdel,Entre 55 y 60 años,202508,133,132,1,0,14,14,0,0,14
Michoacán de Ocampo,subdel,Entre 55 y 60 años,202508,127,124,3,0,12,12,0,0,12
Morelos,subdel,Entre 55 y 60 años,202508,25,24,1,0,2,2,0,0,2
Nayarit,subdel,Entre 55 y 60 años,202508,243,237,6,0,48,47,1,0,48
Nuevo León,subdel,Entre 55 y 60 años,202508,173,167,6,0,29,29,0,0,29
Oaxaca,subdel,Entre 55 y 60 años,202508,64,62,2,0,12,11,1,0,12
Puebla,subdel,Entre 55 y 60 años,202508,171,165,6,0,17,17,0,0,17
Querétaro,subdel,Entre 55 y 60 años,202508,163,160,3,0,22,22,0,0,22
Quintana Roo,subdel,Entre 55 y 60 años,202508,9,7,2,0,2,1,1,0,2
San Luis Potosí,subdel,Entre 55 y 60 años,202508,196,186,10,0,33,32,1,0,33
Sinaloa,subdel,Entre 55 y 60 años,202508,270,254,16,0,30,29,1,0,30
Sonora,subdel,Entre 55 y 60 años,202508,246,227,19,0,38,38,0,0,38
Tabasco,subdel,Entre 55 y 60 años,202508,59,58,1,0,8,8,0,0,8
Tamaulipas,subdel,Entre 55 y 60 años,202508,102,98,4,0,13,12,1,0,13
Tlaxcala,subdel,Entre 55 y 60 años,202508,17,16,1,0,0,0,0,0,0
Veracruz,subdel,Entre 55 y 60 años,202508,517,491,26,0,92,87,5,0,92
Yucatán,subdel,Entre 55 y 60 años,202508,325,304,21,0,46,46,0,0,46
Zacatecas,subdel,Entre 55 y 60 años,202508,56,54,2,0,8,8,0,0,8
Aguascalientes,subdel,Entre 60 y 65 años,202508,40,40,0,0,8,8,0,0,8
Baja California,subdel,Entre 60 y 65 años,202508,41,40,1,0,5,5,0,0,5
Baja California Sur,subdel,Entre 60 y 65 años,202508,15,15,0,0,3,3,0,0,3
Campeche,subdel,Entre 60 y 65 años,202508,28,28,0,0,4,4,0,0,4
Chiapas,subdel,Entre 60 y 65 años,202508,23,23,0,0,6,6,0,0,6
Chihuahua,subdel,Entre 60 y 65 años,202508,90,88,2,0,11,11,0,0,11
Ciudad de México,subdel,Entre 60 y 65 años,202508,777,757,20,0,87,86,1,0,87
Coahuila de Zaragoza,subdel,Entre 60 y 65 años,202508,193,186,7,0,42,41,1,0,42
Colima,subdel,Entre 60 y 65 años,202508,4,4,0,0,0,0,0,0,0
Durango,subdel,Entre 60 y 65 años,202508,21,21,0,0,2,2,0,0,2
Extranjero/Extranjera,subdel,Entre 60 y 65 años,202508,15,15,0,0,0,0,0,0,0
Guanajuato,subdel,Entre 60 y 65 años,202508,143,141,2,0,27,26,1,0,27
Guerrero,subdel,Entre 60 y 65 años,202508,37,34,3,0,5,5,0,0,5
Hidalgo,subdel,Entre 60 y 65 años,202508,27,27,0,0,3,3,0,0,3
Jalisco,subdel,Entre 60 y 65 años,202508,215,212,3,0,27,27,0,0,27
México,subdel,Entre 60 y 65 años,202508,65,64,1,0,7,7,0,0,7
Michoacán de Ocampo,subdel,Entre 60 y 65 años,202508,64,63,1,0,10,10,0,0,10
Morelos,subdel,Entre 60 y 65 años,202508,16,16,0,0,0,0,0,0,0
Nayarit,subdel,Entre 60 y 65 años,202508,131,125,6,0,15,14,1,0,15
Nuevo León,subdel,Entre 60 y 65 años,202508,97,96,1,0,16,16,0,0,16
Oaxaca,subdel,Entre 60 y 65 años,202508,39,38,1,0,7,7,0,0,7
Puebla,subdel,Entre 60 y 65 años,202508,96,95,1,0,7,7,0,0,7
Querétaro,subdel,Entre 60 y 65 años,202508,52,50,2,0,10,10,0,0,10
Quintana Roo,subdel,Entre 60 y 65 años,202508,5,4,1,0,2,2,0,0,2
San Luis Potosí,subdel,Entre 60 y 65 años,202508,94,92,2,0,14,14,0,0,14
Sinaloa,subdel,Entre 60 y 65 años,202508,127,120,7,0,21,21,0,0,21
Sonora,subdel,Entre 60 y 65 años,202508,125,122,3,0,19,19,0,0,19
Tabasco,subdel,Entre 60 y 65 años,202508,19,17,2,0,4,3,1,0,4
Tamaulipas,subdel,Entre 60 y 65 años,202508,70,69,1,0,5,5,0,0,5
Tlaxcala,subdel,Entre 60 y 65 años,202508,12,12,0,0,1,1,0,0,1
Veracruz,subdel,Entre 60 y 65 años,202508,284,275,9,0,39,39,0,0,39
Yucatán,subdel,Entre 60 y 65 años,202508,172,165,7,0,20,20,0,0,20
Zacatecas,subdel,Entre 60 y 65 años,202508,40,39,1,0,7,7,0,0,7
Aguascalientes,subdel,Entre 65 y 70 años,202508,19,19,0,0,0,0,0,0,0
Baja California,subdel,Entre 65 y 70 años,202508,7,6,1,0,0,0,0,0,0
Baja California Sur,subdel,Entre 65 y 70 años,202508,3,3,0,0,0,0,0,0,0
Campeche,subdel,Entre 65 y 70 años,202508,10,10,0,0,0,0,0,0,0
Chiapas,subdel,Entre 65 y 70 años,202508,3,3,0,0,0,0,0,0,0
Chihuahua,subdel,Entre 65 y 70 años,202508,35,35,0,0,5,5,0,0,5
Ciudad de México,subdel,Entre 65 y 70 años,202508,296,289,7,0,31,31,0,0,31
Coahuila de Zaragoza,subdel,Entre 65 y 70 años,202508,45,44,1,0,12,11,1,0,12
Colima,subdel,Entre 65 y 70 años,202508,3,3,0,0,0,0,0,0,0
Durango,subdel,Entre 65 y 70 años,202508,12,12,0,0,2,2,0,0,2
Extranjero/Extranjera,subdel,Entre 65 y 70 años,202508,9,8,1,0,0,0,0,0,0
Guanajuato,subdel,Entre 65 y 70 años,202508,57,57,0,0,5,5,0,0,5
Guerrero,subdel,Entre 65 y 70 años,202508,12,12,0,0,2,2,0,0,2
Hidalgo,subdel,Entre 65 y 70 años,202508,10,10,0,0,0,0,0,0,0
Jalisco,subdel,Entre 65 y 70 años,202508,70,69,1,0,5,5,0,0,5
México,subdel,Entre 65 y 70 años,202508,24,23,1,0,2,2,0,0,2
Michoacán de Ocampo,subdel,Entre 65 y 70 años,202508,16,15,1,0,1,1,0,0,1
Morelos,subdel,Entre 65 y 70 años,202508,3,2,1,0,0,0,0,0,0
Nayarit,subdel,Entre 65 y 70 años,202508,56,55,1,0,6,6,0,0,6
Nuevo León,subdel,Entre 65 y 70 años,202508,23,23,0,0,1,1,0,0,1
Oaxaca,subdel,Entre 65 y 70 años,202508,19,18,1,0,4,4,0,0,4
Puebla,subdel,Entre 65 y 70 años,202508,30,30,0,0,3,3,0,0,3
Querétaro,subdel,Entre 65 y 70 años,202508,21,21,0,0,1,1,0,0,1
Quintana Roo,subdel,Entre 65 y 70 años,202508,1,1,0,0,0,0,0,0,0
San Luis Potosí,subdel,Entre 65 y 70 años,202508,29,29,0,0,9,9,0,0,9
Sinaloa,subdel,Entre 65 y 70 años,202508,35,34,1,0,4,4,0,0,4
Sonora,subdel,Entre 65 y 70 años,202508,34,33,1,0,2,2,0,0,2
Tabasco,subdel,Entre 65 y 70 años,202508,5,5,0,0,0,0,0,0,0
Tamaulipas,subdel,Entre 65 y 70 años,202508,15,15,0,0,3,3,0,0,3
Tlaxcala,subdel,Entre 65 y 70 años,202508,1,1,0,0,0,0,0,0,0
Veracruz,subdel,Entre 65 y 70 años,202508,99,96,3,0,6,6,0,0,6
Yucatán,subdel,Entre 65 y 70 años,202508,46,45,1,0,8,8,0,0,8
Zacatecas,subdel,Entre 65 y 70 años,202508,9,9,0,0,1,1,0,0,1
Aguascalientes,subdel,Entre 70 y 75 años,202508,5,5,0,0,0,0,0,0,0
Baja California,subdel,Entre 70 y 75 años,202508,3,3,0,0,0,0,0,0,0
Campeche,subdel,Entre 70 y 75 años,202508,3,2,1,0,0,0,0,0,0
Chiapas,subdel,Entre 70 y 75 años,202508,4,4,0,0,1,1,0,0,1
Chihuahua,subdel,Entre 70 y 75 años,202508,2,2,0,0,0,0,0,0,0
Ciudad de México,subdel,Entre 70 y 75 años,202508,77,75,2,0,5,5,0,0,5
Coahuila de Zaragoza,subdel,Entre 70 y 75 años,202508,9,9,0,0,2,2,0,0,2
Colima,subdel,Entre 70 y 75 años,202508,3,3,0,0,0,0,0,0,0
Guanajuato,subdel,Entre 70 y 75 años,202508,11,11,0,0,1,1,0,0,1
Guerrero,subdel,Entre 70 y 75 años,202508,1,1,0,0,0,0,0,0,0
Hidalgo,subdel,Entre 70 y 75 años,202508,2,2,0,0,1,1,0,0,1
Jalisco,subdel,Entre 70 y 75 años,202508,18,18,0,0,1,1,0,0,1
México,subdel,Entre 70 y 75 años,202508,6,6,0,0,0,0,0,0,0
Michoacán de Ocampo,subdel,Entre 70 y 75 años,202508,12,12,0,0,0,0,0,0,0
Morelos,subdel,Entre 70 y 75 años,202508,1,1,0,0,0,0,0,0,0
Nayarit,subdel,Entre 70 y 75 años,202508,9,9,0,0,1,1,0,0,1
Nuevo León,subdel,Entre 70 y 75 años,202508,2,2,0,0,0,0,0,0,0
Oaxaca,subdel,Entre 70 y 75 años,202508,3,3,0,0,0,0,0,0,0
Puebla,subdel,Entre 70 y 75 años,202508,9,9,0,0,1,1,0,0,1
Querétaro,subdel,Entre 70 y 75 años,202508,1,1,0,0,0,0,0,0,0
San Luis Potosí,subdel,Entre 70 y 75 años,202508,8,8,0,0,2,2,0,0,2
Sinaloa,subdel,Entre 70 y 75 años,202508,8,8,0,0,1,1,0,0,1
Sonora,subdel,Entre 70 y 75 años,202508,11,10,1,0,2,1,1,0,2
Tabasco,subdel,Entre 70 y 75 años,202508,1,1,0,0,0,0,0,0,0
Tamaulipas,subdel,Entre 70 y 75 años,202508,4,4,0,0,0,0,0,0,0
Tlaxcala,subdel,Entre 70 y 75 años,202508,1,1,0,0,0,0,0,0,0
Veracruz,subdel,Entre 70 y 75 años,202508,23,23,0,0,1,1,0,0,1
Yucatán,subdel,Entre 70 y 75 años,202508,10,10,0,0,1,1,0,0,1
Zacatecas,subdel,Entre 70 y 75 años,202508,1,1,0,0,0,0,0,0,0
Aguascalientes,subdel,75 años y más,202508,324,303,21,0,11,11,0,0,11
Baja California,subdel,75 años y más,202508,551,495,56,0,43,42,1,0,43
Baja California Sur,subdel,75 años y más,202508,169,155,14,0,8,8,0,0,8
Campeche,subdel,75 años y más,202508,194,181,13,0,1,1,0,0,1
Chiapas,subdel,75 años y más,202508,672,618,54,0,9,8,1,0,9
Chihuahua,subdel,75 años y más,202508,633,541,92,0,26,25,1,0,26
Ciudad de México,subdel,75 años y más,202508,5891,5184,707,0,141,130,11,0,141
Coahuila de Zaragoza,subdel,75 años y más,202508,430,380,50,0,9,9,0,0,9
Colima,subdel,75 años y más,202508,230,209,21,0,4,4,0,0,4
Durango,subdel,75 años y más,202508,401,356,45,0,6,6,0,0,6
Extranjero/Extranjera,subdel,75 años y más,202508,240,213,27,0,0,0,0,0,0
Guanajuato,subdel,75 años y más,202508,1033,953,80,0,20,18,2,0,20
Guerrero,subdel,75 años y más,202508,372,338,34,0,10,9,1,0,10
Hidalgo,subdel,75 años y más,202508,230,207,23,0,6,6,0,0,6
Jalisco,subdel,75 años y más,202508,2406,2199,207,0,87,82,5,0,87
México,subdel,75 años y más,202508,5073,4580,493,0,104,99,5,0,104
Michoacán de Ocampo,subdel,75 años y más,202508,598,561,37,0,14,13,1,0,14
Morelos,subdel,75 años y más,202508,649,586,63,0,8,7,1,0,8
Nayarit,subdel,75 años y más,202508,191,172,19,0,5,5,0,0,5
Nuevo León,subdel,75 años y más,202508,840,736,104,0,49,45,4,0,49
Oaxaca,subdel,75 años y más,202508,395,367,28,0,24,24,0,0,24
Puebla,subdel,75 años y más,202508,1074,997,77,0,32,29,3,0,32
Querétaro,subdel,75 años y más,202508,328,297,31,0,7,7,0,0,7
Quintana Roo,subdel,75 años y más,202508,568,512,56,0,17,17,0,0,17
San Luis Potosí,subdel,75 años y más,202508,452,415,37,0,11,11,0,0,11
Sinaloa,subdel,75 años y más,202508,715,656,59,0,11,11,0,0,11
Sonora,subdel,75 años y más,202508,492,424,68,0,20,18,2,0,20
Tabasco,subdel,75 años y más,202508,421,385,36,0,8,8,0,0,8
Tamaulipas,subdel,75 años y más,202508,652,583,69,0,26,26,0,0,26
Tlaxcala,subdel,75 años y más,202508,182,174,8,0,1,1,0,0,1
Veracruz,subdel,75 años y más,202508,816,731,85,0,18,17,1,0,18
Yucatán,subdel,75 años y más,202508,481,441,40,0,13,13,0,0,13
Zacatecas,subdel,75 años y más,202508,204,196,8,0,4,4,0,0,4
Aguascalientes,subdel,Entre 15 y 20 años,202508,308,284,24,0,6,4,2,0,6
Baja California,subdel,Entre 15 y 20 años,202508,601,545,56,0,38,37,1,0,38
Baja California Sur,subdel,Entre 15 y 20 años,202508,112,102,10,0,7,6,1,0,7
Campeche,subdel,Entre 15 y 20 años,202508,98,88,10,0,2,0,2,0,2
Chiapas,subdel,Entre 15 y 20 años,202508,346,324,22,0,11,11,0,0,11
Chihuahua,subdel,Entre 15 y 20 años,202508,1005,896,109,0,32,31,1,0,32
Ciudad de México,subdel,Entre 15 y 20 años,202508,2470,2245,225,0,44,43,1,0,44
Coahuila de Zaragoza,subdel,Entre 15 y 20 años,202508,576,518,58,0,16,16,0,0,16
Colima,subdel,Entre 15 y 20 años,202508,230,204,26,0,9,8,1,0,9
Durango,subdel,Entre 15 y 20 años,202508,343,319,24,0,11,11,0,0,11
Extranjero/Extranjera,subdel,Entre 15 y 20 años,202508,97,85,12,0,0,0,0,0,0
Guanajuato,subdel,Entre 15 y 20 años,202508,954,889,65,0,24,23,1,0,24
Guerrero,subdel,Entre 15 y 20 años,202508,203,191,12,0,9,9,0,0,9
Hidalgo,subdel,Entre 15 y 20 años,202508,117,112,5,0,6,6,0,0,6
Jalisco,subdel,Entre 15 y 20 años,202508,1900,1748,152,0,66,63,3,0,66
México,subdel,Entre 15 y 20 años,202508,2456,2283,173,0,28,26,2,0,28
Michoacán de Ocampo,subdel,Entre 15 y 20 años,202508,313,289,24,0,9,9,0,0,9
Morelos,subdel,Entre 15 y 20 años,202508,323,303,20,0,6,5,1,0,6
Nayarit,subdel,Entre 15 y 20 años,202508,108,101,7,0,2,2,0,0,2
Nuevo León,subdel,Entre 15 y 20 años,202508,1781,1638,143,0,88,84,4,0,88
Oaxaca,subdel,Entre 15 y 20 años,202508,187,169,18,0,6,5,1,0,6
Puebla,subdel,Entre 15 y 20 años,202508,459,424,35,0,13,12,1,0,13
Querétaro,subdel,Entre 15 y 20 años,202508,333,304,29,0,5,5,0,0,5
Quintana Roo,subdel,Entre 15 y 20 años,202508,415,382,33,0,7,7,0,0,7
San Luis Potosí,subdel,Entre 15 y 20 años,202508,477,438,39,0,20,18,2,0,20
Sinaloa,subdel,Entre 15 y 20 años,202508,664,617,47,0,17,16,1,0,17
Sonora,subdel,Entre 15 y 20 años,202508,438,407,31,0,10,10,0,0,10
Tabasco,subdel,Entre 15 y 20 años,202508,281,260,21,0,6,6,0,0,6
Tamaulipas,subdel,Entre 15 y 20 años,202508,529,489,40,0,22,22,0,0,22
Tlaxcala,subdel,Entre 15 y 20 años,202508,60,60,0,0,2,2,0,0,2
Veracruz,subdel,Entre 15 y 20 años,202508,652,585,67,0,30,28,2,0,30
Yucatán,subdel,Entre 15 y 20 años,202508,258,235,23,0,9,9,0,0,9
Zacatecas,subdel,Entre 15 y 20 años,202508,148,148,0,0,4,4,0,0,4
Aguascalientes,subdel,Entre 20 y 25 años,202508,2014,1831,183,0,76,75,1,0,76
Baja California,subdel,Entre 20 y 25 años,202508,4811,4376,435,0,494,472,22,0,494
Baja California Sur,subdel,Entre 20 y 25 años,202508,871,792,79,0,61,60,1,0,61
Campeche,subdel,Entre 20 y 25 años,202508,1117,1026,91,0,26,25,1,0,26
Chiapas,subdel,Entre 20 y 25 años,202508,4288,3992,296,0,173,165,8,0,173
Chihuahua,subdel,Entre 20 y 25 años,202508,6505,5488,1017,0,343,328,15,0,343
Coahuila de Zaragoza,subdel,Entre 20 y 25 años,202508,3824,3402,422,0,178,169,9,0,178
Colima,subdel,Entre 20 y 25 años,202508,1417,1297,120,0,29,28,1,0,29
Durango,subdel,Entre 20 y 25 años,202508,2855,2619,236,0,113,111,2,0,113
Extranjero/Extranjera,subdel,Entre 20 y 25 años,202508,853,755,98,0,0,0,0,0,0
Guanajuato,subdel,Entre 20 y 25 años,202508,7048,6556,492,0,263,256,7,0,263
Guerrero,subdel,Entre 20 y 25 años,202508,2386,2160,226,0,120,118,2,0,120
Hidalgo,subdel,Entre 20 y 25 años,202508,1326,1205,121,0,69,68,1,0,69
Jalisco,subdel,Entre 20 y 25 años,202508,15174,13837,1337,0,904,871,33,0,904
México,subdel,Entre 20 y 25 años,202508,25986,23819,2167,0,767,716,51,0,767
Michoacán de Ocampo,subdel,Entre 20 y 25 años,202508,3099,2878,221,0,108,103,5,0,108
Morelos,subdel,Entre 20 y 25 años,202508,3050,2778,272,0,83,79,4,0,83
Nayarit,subdel,Entre 20 y 25 años,202508,1100,991,109,0,38,37,1,0,38
Nuevo León,subdel,Entre 20 y 25 años,202508,10666,9555,1111,0,1152,1111,41,0,1152
Oaxaca,subdel,Entre 20 y 25 años,202508,2534,2306,228,0,103,96,7,0,103
Puebla,subdel,Entre 20 y 25 años,202508,6062,5612,450,0,239,230,9,0,239
Querétaro,subdel,Entre 20 y 25 años,202508,2416,2266,150,0,100,97,3,0,100
Quintana Roo,subdel,Entre 20 y 25 años,202508,2974,2662,312,0,79,74,5,0,79
San Luis Potosí,subdel,Entre 20 y 25 años,202508,3232,2909,323,0,167,158,9,0,167
Sinaloa,subdel,Entre 20 y 25 años,202508,5264,4828,436,0,287,277,10,0,287
Sonora,subdel,Entre 20 y 25 años,202508,3696,3305,391,0,196,186,10,0,196
Tabasco,subdel,Entre 20 y 25 años,202508,3133,2882,251,0,118,114,4,0,118
Tamaulipas,subdel,Entre 20 y 25 años,202508,5230,4663,567,0,405,382,23,0,405
Tlaxcala,subdel,Entre 20 y 25 años,202508,1054,998,56,0,19,19,0,0,19
Veracruz,subdel,Entre 20 y 25 años,202508,6895,6242,653,0,332,318,14,0,332
Yucatán,subdel,Entre 20 y 25 años,202508,3451,3151,300,0,139,134,5,0,139
Zacatecas,subdel,Entre 20 y 25 años,202508,1194,1116,78,0,60,58,2,0,60
Aguascalientes,subdel,Entre 25 y 30 años,202508,2129,1942,187,0,118,112,6,0,118
Baja California,subdel,Entre 25 y 30 años,202508,5056,4454,602,0,629,597,32,0,629
Baja California Sur,subdel,Entre 25 y 30 años,202508,848,728,120,0,73,66,7,0,73
Campeche,subdel,Entre 25 y 30 años,202508,1400,1242,158,0,56,52,4,0,56
Chiapas,subdel,Entre 25 y 30 años,202508,5647,5203,444,0,379,362,17,0,379
Chihuahua,subdel,Entre 25 y 30 años,202508,6765,5536,1229,0,571,525,46,0,571
Ciudad de México,subdel,Entre 25 y 30 años,202508,39139,35126,4013,0,2246,2117,129,0,2246
Coahuila de Zaragoza,subdel,Entre 25 y 30 años,202508,4393,3891,502,0,331,311,20,0,331
Colima,subdel,Entre 25 y 30 años,202508,1376,1221,155,0,64,60,4,0,64
Durango,subdel,Entre 25 y 30 años,202508,2982,2692,290,0,169,162,7,0,169
Extranjero/Extranjera,subdel,Entre 25 y 30 años,202508,1002,901,101,0,0,0,0,0,0
Guanajuato,subdel,Entre 25 y 30 años,202508,7502,6874,628,0,438,415,23,0,438
Guerrero,subdel,Entre 25 y 30 años,202508,2975,2667,308,0,212,195,17,0,212
Hidalgo,subdel,Entre 25 y 30 años,202508,1658,1514,144,0,131,128,3,0,131
Jalisco,subdel,Entre 25 y 30 años,202508,16425,14944,1481,0,1504,1446,58,0,1504
México,subdel,Entre 25 y 30 años,202508,28588,26259,2329,0,1555,1496,59,0,1555
Michoacán de Ocampo,subdel,Entre 25 y 30 años,202508,3773,3461,312,0,198,188,10,0,198
Morelos,subdel,Entre 25 y 30 años,202508,3275,2964,311,0,129,123,6,0,129
Nayarit,subdel,Entre 25 y 30 años,202508,1187,1080,107,0,70,65,5,0,70
Nuevo León,subdel,Entre 25 y 30 años,202508,13165,11670,1495,0,1960,1858,102,0,1960
Oaxaca,subdel,Entre 25 y 30 años,202508,3259,2946,313,0,278,265,13,0,278
Puebla,subdel,Entre 25 y 30 años,202508,7687,7101,586,0,577,561,16,0,577
Querétaro,subdel,Entre 25 y 30 años,202508,2758,2479,279,0,190,181,9,0,190
Quintana Roo,subdel,Entre 25 y 30 años,202508,2787,2436,351,0,145,138,7,0,145
San Luis Potosí,subdel,Entre 25 y 30 años,202508,3547,3156,391,0,314,298,16,0,314
Sinaloa,subdel,Entre 25 y 30 años,202508,6078,5529,549,0,460,439,21,0,460
Sonora,subdel,Entre 25 y 30 años,202508,4343,3822,521,0,354,332,22,0,354
Tabasco,subdel,Entre 25 y 30 años,202508,4031,3661,370,0,251,246,5,0,251
Tamaulipas,subdel,Entre 25 y 30 años,202508,5971,5284,687,0,607,577,30,0,607
Tlaxcala,subdel,Entre 25 y 30 años,202508,1345,1273,72,0,56,53,3,0,56
Veracruz,subdel,Entre 25 y 30 años,202508,9462,8542,920,0,787,747,40,0,787
Yucatán,subdel,Entre 25 y 30 años,202508,4582,4123,459,0,281,267,14,0,281
Zacatecas,subdel,Entre 25 y 30 años,202508,1412,1309,103,0,97,92,5,0,97
Aguascalientes,subdel,Entre 30 y 35 años,202508,1816,1625,191,0,160,155,5,0,160
Baja California,subdel,Entre 30 y 35 años,202508,4193,3591,602,0,608,561,47,0,608
Baja California Sur,subdel,Entre 30 y 35 años,202508,692,574,118,0,88,82,6,0,88
Campeche,subdel,Entre 30 y 35 años,202508,1309,1168,141,0,82,79,3,0,82
Chiapas,subdel,Entre 30 y 35 años,202508,4607,4232,375,0,423,408,15,0,423
Chihuahua,subdel,Entre 30 y 35 años,202508,6179,5015,1164,0,746,662,84,0,746
Ciudad de México,subdel,Entre 30 y 35 años,202508,40010,35835,4175,0,3351,3162,189,0,3351
Coahuila de Zaragoza,subdel,Entre 30 y 35 años,202508,4227,3685,542,0,408,388,20,0,408
Colima,subdel,Entre 30 y 35 años,202508,1101,955,146,0,63,62,1,0,63
Durango,subdel,Entre 30 y 35 años,202508,2744,2418,326,0,206,194,12,0,206
Extranjero/Extranjera,subdel,Entre 30 y 35 años,202508,1173,1042,131,0,0,0,0,0,0
Guanajuato,subdel,Entre 30 y 35 años,202508,6370,5800,570,0,595,565,30,0,595
Guerrero,subdel,Entre 30 y 35 años,202508,2535,2270,265,0,282,263,19,0,282
Hidalgo,subdel,Entre 30 y 35 años,202508,1629,1461,168,0,187,170,17,0,187
Jalisco,subdel,Entre 30 y 35 años,202508,14522,13115,1407,0,1789,1681,108,0,1789
México,subdel,Entre 30 y 35 años,202508,23207,21321,1886,0,1844,1772,72,0,1844
Michoacán de Ocampo,subdel,Entre 30 y 35 años,202508,3573,3248,325,0,285,268,17,0,285
Morelos,subdel,Entre 30 y 35 años,202508,2590,2336,254,0,149,140,9,0,149
Nayarit,subdel,Entre 30 y 35 años,202508,1067,963,104,0,108,104,4,0,108
Nuevo León,subdel,Entre 30 y 35 años,202508,13211,11632,1579,0,2439,2301,138,0,2439
Oaxaca,subdel,Entre 30 y 35 años,202508,2756,2497,259,0,291,270,21,0,291
Puebla,subdel,Entre 30 y 35 años,202508,6928,6373,555,0,638,605,33,0,638
Querétaro,subdel,Entre 30 y 35 años,202508,2284,2056,228,0,215,201,14,0,215
Quintana Roo,subdel,Entre 30 y 35 años,202508,2147,1851,296,0,150,141,9,0,150
San Luis Potosí,subdel,Entre 30 y 35 años,202508,3265,2901,364,0,400,381,19,0,400
Sinaloa,subdel,Entre 30 y 35 años,202508,5538,4901,637,0,523,492,31,0,523
Sonora,subdel,Entre 30 y 35 años,202508,3897,3356,541,0,407,383,24,0,407
Tabasco,subdel,Entre 30 y 35 años,202508,3693,3340,353,0,307,288,19,0,307
Tamaulipas,subdel,Entre 30 y 35 años,202508,5422,4720,702,0,709,662,47,0,709
Tlaxcala,subdel,Entre 30 y 35 años,202508,1139,1073,66,0,53,50,3,0,53
Veracruz,subdel,Entre 30 y 35 años,202508,9222,8213,1009,0,981,924,57,0,981
Yucatán,subdel,Entre 30 y 35 años,202508,4462,3975,487,0,356,325,31,0,356
Zacatecas,subdel,Entre 30 y 35 años,202508,1124,993,131,0,119,113,6,0,119
Aguascalientes,subdel,Entre 35 y 40 años,202508,1357,1185,172,0,136,129,7,0,136
Baja California,subdel,Entre 35 y 40 años,202508,2639,2249,390,0,468,431,37,0,468
Baja California Sur,subdel,Entre 35 y 40 años,202508,502,414,88,0,67,56,11,0,67
Campeche,subdel,Entre 35 y 40 años,202508,1051,927,124,0,83,80,3,0,83
Chiapas,subdel,Entre 35 y 40 años,202508,3335,3074,261,0,365,351,14,0,365
Chihuahua,subdel,Entre 35 y 40 años,202508,4393,3500,893,0,603,550,53,0,603
Ciudad de México,subdel,Entre 35 y 40 años,202508,35684,32268,3416,0,4011,3774,237,0,4011
Coahuila de Zaragoza,subdel,Entre 35 y 40 años,202508,3284,2818,466,0,386,357,29,0,386
Colima,subdel,Entre 35 y 40 años,202508,838,726,112,0,73,69,4,0,73
Durango,subdel,Entre 35 y 40 años,202508,1858,1631,227,0,165,149,16,0,165
Extranjero/Extranjera,subdel,Entre 35 y 40 años,202508,1008,897,111,0,0,0,0,0,0
Guanajuato,subdel,Entre 35 y 40 años,202508,4626,4189,437,0,573,543,30,0,573
Guerrero,subdel,Entre 35 y 40 años,202508,1923,1737,186,0,298,287,11,0,298
Hidalgo,subdel,Entre 35 y 40 años,202508,1110,1019,91,0,146,142,4,0,146
Jalisco,subdel,Entre 35 y 40 años,202508,11770,10459,1311,0,1865,1761,104,0,1865
México,subdel,Entre 35 y 40 años,202508,14272,13136,1136,0,1564,1491,73,0,1564
Michoacán de Ocampo,subdel,Entre 35 y 40 años,202508,2614,2333,281,0,310,291,19,0,310
Morelos,subdel,Entre 35 y 40 años,202508,1756,1585,171,0,150,140,10,0,150
Nayarit,subdel,Entre 35 y 40 años,202508,834,733,101,0,122,112,10,0,122
Nuevo León,subdel,Entre 35 y 40 años,202508,10662,9400,1262,0,2337,2168,169,0,2337
Oaxaca,subdel,Entre 35 y 40 años,202508,1904,1700,204,0,266,245,21,0,266
Puebla,subdel,Entre 35 y 40 años,202508,5178,4740,438,0,679,642,37,0,679
Querétaro,subdel,Entre 35 y 40 años,202508,1609,1451,158,0,187,177,10,0,187
Quintana Roo,subdel,Entre 35 y 40 años,202508,1097,943,154,0,108,93,15,0,108
San Luis Potosí,subdel,Entre 35 y 40 años,202508,2329,2036,293,0,329,304,25,0,329
Sinaloa,subdel,Entre 35 y 40 años,202508,4123,3662,461,0,551,507,44,0,551
Sonora,subdel,Entre 35 y 40 años,202508,3120,2622,498,0,404,366,38,0,404
Tabasco,subdel,Entre 35 y 40 años,202508,2754,2517,237,0,301,283,18,0,301
Tamaulipas,subdel,Entre 35 y 40 años,202508,4065,3547,518,0,581,535,46,0,581
Tlaxcala,subdel,Entre 35 y 40 años,202508,902,842,60,0,61,57,4,0,61
Veracruz,subdel,Entre 35 y 40 años,202508,6975,6231,744,0,903,850,53,0,903
Yucatán,subdel,Entre 35 y 40 años,202508,3779,3380,399,0,393,370,23,0,393
Zacatecas,subdel,Entre 35 y 40 años,202508,989,883,106,0,125,115,10,0,125
Aguascalientes,subdel,Entre 40 y 45 años,202508,859,767,92,0,130,120,10,0,130
Baja California,subdel,Entre 40 y 45 años,202508,1815,1526,289,0,401,352,49,0,401
Baja California Sur,subdel,Entre 40 y 45 años,202508,329,272,57,0,42,38,4,0,42
Campeche,subdel,Entre 40 y 45 años,202508,648,577,71,0,71,64,7,0,71
Chiapas,subdel,Entre 40 y 45 años,202508,2095,1930,165,0,259,247,12,0,259
Chihuahua,subdel,Entre 40 y 45 años,202508,2931,2385,546,0,494,428,66,0,494
Ciudad de México,subdel,Entre 40 y 45 años,202508,31658,28840,2818,0,4584,4335,249,0,4584
Coahuila de Zaragoza,subdel,Entre 40 y 45 años,202508,2374,2061,313,0,331,306,25,0,331
Colima,subdel,Entre 40 y 45 años,202508,613,513,100,0,64,56,8,0,64
Durango,subdel,Entre 40 y 45 años,202508,1295,1123,172,0,153,139,14,0,153
Extranjero/Extranjera,subdel,Entre 40 y 45 años,202508,705,622,83,0,0,0,0,0,0
Guanajuato,subdel,Entre 40 y 45 años,202508,3430,3111,319,0,519,474,45,0,519
Guerrero,subdel,Entre 40 y 45 años,202508,1317,1174,143,0,243,230,13,0,243
Hidalgo,subdel,Entre 40 y 45 años,202508,740,660,80,0,129,122,7,0,129
Jalisco,subdel,Entre 40 y 45 años,202508,8813,7881,932,0,1645,1552,93,0,1645
México,subdel,Entre 40 y 45 años,202508,7305,6662,643,0,995,932,63,0,995
Michoacán de Ocampo,subdel,Entre 40 y 45 años,202508,1780,1576,204,0,259,240,19,0,259
Morelos,subdel,Entre 40 y 45 años,202508,1208,1099,109,0,90,84,6,0,90
Nayarit,subdel,Entre 40 y 45 años,202508,633,551,82,0,116,109,7,0,116
Nuevo León,subdel,Entre 40 y 45 años,202508,8386,7345,1041,0,2149,1984,165,0,2149
Oaxaca,subdel,Entre 40 y 45 años,202508,1400,1273,127,0,209,196,13,0,209
Puebla,subdel,Entre 40 y 45 años,202508,3851,3521,330,0,593,561,32,0,593
Querétaro,subdel,Entre 40 y 45 años,202508,1181,1048,133,0,169,155,14,0,169
Quintana Roo,subdel,Entre 40 y 45 años,202508,570,500,70,0,63,60,3,0,63
San Luis Potosí,subdel,Entre 40 y 45 años,202508,1567,1386,181,0,298,275,23,0,298
Sinaloa,subdel,Entre 40 y 45 años,202508,3101,2720,381,0,465,428,37,0,465
Sonora,subdel,Entre 40 y 45 años,202508,2386,2015,371,0,369,323,46,0,369
Tabasco,subdel,Entre 40 y 45 años,202508,1941,1756,185,0,246,235,11,0,246
Tamaulipas,subdel,Entre 40 y 45 años,202508,2911,2527,384,0,454,420,34,0,454
Tlaxcala,subdel,Entre 40 y 45 años,202508,697,661,36,0,63,61,2,0,63
Veracruz,subdel,Entre 40 y 45 años,202508,4919,4405,514,0,742,705,37,0,742
Yucatán,subdel,Entre 40 y 45 años,202508,2867,2565,302,0,362,336,26,0,362
Zacatecas,subdel,Entre 40 y 45 años,202508,692,618,74,0,95,94,1,0,95
Aguascalientes,subdel,Entre 45 y 50 años,202508,588,514,74,0,91,84,7,0,91
Baja California,subdel,Entre 45 y 50 años,202508,1195,1002,193,0,291,252,39,0,291
Baja California Sur,subdel,Entre 45 y 50 años,202508,213,172,41,0,39,37,2,0,39
Campeche,subdel,Entre 45 y 50 años,202508,399,363,36,0,40,37,3,0,40
Chiapas,subdel,Entre 45 y 50 años,202508,1289,1192,97,0,199,192,7,0,199
Chihuahua,subdel,Entre 45 y 50 años,202508,2086,1687,399,0,415,373,42,0,415
Ciudad de México,subdel,Entre 45 y 50 años,202508,23566,21245,2321,0,4202,3939,263,0,4202
Coahuila de Zaragoza,subdel,Entre 45 y 50 años,202508,1584,1368,216,0,267,250,17,0,267
Colima,subdel,Entre 45 y 50 años,202508,361,305,56,0,42,40,2,0,42
Durango,subdel,Entre 45 y 50 años,202508,854,745,109,0,129,118,11,0,129
Extranjero/Extranjera,subdel,Entre 45 y 50 años,202508,586,504,82,0,0,0,0,0,0
Guanajuato,subdel,Entre 45 y 50 años,202508,2168,1941,227,0,415,396,19,0,415
Guerrero,subdel,Entre 45 y 50 años,202508,915,810,105,0,182,172,10,0,182
Hidalgo,subdel,Entre 45 y 50 años,202508,572,519,53,0,110,104,6,0,110
Jalisco,subdel,Entre 45 y 50 años,202508,6081,5364,717,0,1322,1233,89,0,1322
México,subdel,Entre 45 y 50 años,202508,4394,4041,353,0,721,701,20,0,721
Michoacán de Ocampo,subdel,Entre 45 y 50 años,202508,1259,1095,164,0,195,184,11,0,195
Morelos,subdel,Entre 45 y 50 años,202508,817,728,89,0,94,90,4,0,94
Nayarit,subdel,Entre 45 y 50 años,202508,398,358,40,0,71,67,4,0,71
Nuevo León,subdel,Entre 45 y 50 años,202508,5809,5157,652,0,1673,1565,108,0,1673
Oaxaca,subdel,Entre 45 y 50 años,202508,1029,942,87,0,168,162,6,0,168
Puebla,subdel,Entre 45 y 50 años,202508,2703,2493,210,0,502,485,17,0,502
Querétaro,subdel,Entre 45 y 50 años,202508,698,638,60,0,141,134,7,0,141
Quintana Roo,subdel,Entre 45 y 50 años,202508,235,206,29,0,21,20,1,0,21
San Luis Potosí,subdel,Entre 45 y 50 años,202508,997,852,145,0,212,198,14,0,212
Sinaloa,subdel,Entre 45 y 50 años,202508,2239,1951,288,0,384,357,27,0,384
Sonora,subdel,Entre 45 y 50 años,202508,1836,1529,307,0,353,306,47,0,353
Tabasco,subdel,Entre 45 y 50 años,202508,1173,1040,133,0,162,151,11,0,162
Tamaulipas,subdel,Entre 45 y 50 años,202508,1879,1641,238,0,368,346,22,0,368
Tlaxcala,subdel,Entre 45 y 50 años,202508,438,405,33,0,53,49,4,0,53
Veracruz,subdel,Entre 45 y 50 años,202508,3332,3003,329,0,606,566,40,0,606
Yucatán,subdel,Entre 45 y 50 años,202508,1956,1755,201,0,274,256,18,0,274
Zacatecas,subdel,Entre 45 y 50 años,202508,517,470,47,0,110,104,6,0,110
Aguascalientes,subdel,Entre 50 y 55 años,202508,386,351,35,0,84,84,0,0,84
Baja California,subdel,Entre 50 y 55 años,202508,866,749,117,0,244,225,19,0,244
Baja California Sur,subdel,Entre 50 y 55 años,202508,131,110,21,0,26,24,2,0,26
Campeche,subdel,Entre 50 y 55 años,202508,304,269,35,0,43,39,4,0,43
Chiapas,subdel,Entre 50 y 55 años,202508,763,679,84,0,129,125,4,0,129
Chihuahua,subdel,Entre 50 y 55 años,202508,1380,1148,232,0,329,305,24,0,329
Ciudad de México,subdel,Entre 50 y 55 años,202508,18497,16758,1739,0,3759,3555,204,0,3759
Coahuila de Zaragoza,subdel,Entre 50 y 55 años,202508,1028,895,133,0,205,193,12,0,205
Colima,subdel,Entre 50 y 55 años,202508,238,207,31,0,28,27,1,0,28
Durango,subdel,Entre 50 y 55 años,202508,603,516,87,0,118,108,10,0,118
Extranjero/Extranjera,subdel,Entre 50 y 55 años,202508,378,318,60,0,0,0,0,0,0
Guanajuato,subdel,Entre 50 y 55 años,202508,1598,1455,143,0,363,344,19,0,363
Guerrero,subdel,Entre 50 y 55 años,202508,625,560,65,0,147,138,9,0,147
Hidalgo,subdel,Entre 50 y 55 años,202508,360,320,40,0,82,79,3,0,82
Jalisco,subdel,Entre 50 y 55 años,202508,4383,3890,493,0,1052,992,60,0,1052
México,subdel,Entre 50 y 55 años,202508,2408,2215,193,0,425,406,19,0,425
Michoacán de Ocampo,subdel,Entre 50 y 55 años,202508,882,795,87,0,186,173,13,0,186
Morelos,subdel,Entre 50 y 55 años,202508,507,456,51,0,80,78,2,0,80
Nayarit,subdel,Entre 50 y 55 años,202508,303,270,33,0,52,47,5,0,52
Nuevo León,subdel,Entre 50 y 55 años,202508,3752,3298,454,0,1296,1206,90,0,1296
Oaxaca,subdel,Entre 50 y 55 años,202508,630,583,47,0,126,117,9,0,126
Puebla,subdel,Entre 50 y 55 años,202508,1827,1671,156,0,411,388,23,0,411
Querétaro,subdel,Entre 50 y 55 años,202508,407,375,32,0,81,79,2,0,81
Quintana Roo,subdel,Entre 50 y 55 años,202508,93,81,12,0,10,9,1,0,10
San Luis Potosí,subdel,Entre 50 y 55 años,202508,716,621,95,0,197,182,15,0,197
Sinaloa,subdel,Entre 50 y 55 años,202508,1462,1258,204,0,294,269,25,0,294
Sonora,subdel,Entre 50 y 55 años,202508,1185,999,186,0,265,236,29,0,265
Tabasco,subdel,Entre 50 y 55 años,202508,662,594,68,0,117,106,11,0,117
Tamaulipas,subdel,Entre 50 y 55 años,202508,1308,1139,169,0,278,255,23,0,278
Tlaxcala,subdel,Entre 50 y 55 años,202508,283,266,17,0,42,42,0,0,42
Veracruz,subdel,Entre 50 y 55 años,202508,2068,1862,206,0,432,415,17,0,432
Yucatán,subdel,Entre 50 y 55 años,202508,1443,1288,155,0,256,244,12,0,256
Zacatecas,subdel,Entre 50 y 55 años,202508,436,391,45,0,76,72,4,0,76
Aguascalientes,subdel,Entre 55 y 60 años,202508,282,260,22,0,62,62,0,0,62
Baja California,subdel,Entre 55 y 60 años,202508,387,329,58,0,97,89,8,0,97
Baja California Sur,subdel,Entre 55 y 60 años,202508,70,62,8,0,15,12,3,0,15
Campeche,subdel,Entre 55 y 60 años,202508,178,157,21,0,27,25,2,0,27
Chiapas,subdel,Entre 55 y 60 años,202508,423,393,30,0,61,59,2,0,61
Chihuahua,subdel,Entre 55 y 60 años,202508,915,807,108,0,208,195,13,0,208
Ciudad de México,subdel,Entre 55 y 60 años,202508,11236,10318,918,0,2470,2352,118,0,2470
Coahuila de Zaragoza,subdel,Entre 55 y 60 años,202508,616,545,71,0,130,126,4,0,130
Colima,subdel,Entre 55 y 60 años,202508,140,124,16,0,29,25,4,0,29
Durango,subdel,Entre 55 y 60 años,202508,331,298,33,0,66,62,4,0,66
Extranjero/Extranjera,subdel,Entre 55 y 60 años,202508,259,230,29,0,0,0,0,0,0
Guanajuato,subdel,Entre 55 y 60 años,202508,993,936,57,0,245,236,9,0,245
Guerrero,subdel,Entre 55 y 60 años,202508,375,335,40,0,95,90,5,0,95
Hidalgo,subdel,Entre 55 y 60 años,202508,252,240,12,0,53,52,1,0,53
Jalisco,subdel,Entre 55 y 60 años,202508,2402,2181,221,0,602,572,30,0,602
México,subdel,Entre 55 y 60 años,202508,1273,1185,88,0,237,233,4,0,237
Michoacán de Ocampo,subdel,Entre 55 y 60 años,202508,584,543,41,0,133,124,9,0,133
Morelos,subdel,Entre 55 y 60 años,202508,294,268,26,0,40,39,1,0,40
Nayarit,subdel,Entre 55 y 60 años,202508,162,144,18,0,35,35,0,0,35
Nuevo León,subdel,Entre 55 y 60 años,202508,2316,2126,190,0,784,747,37,0,784
Oaxaca,subdel,Entre 55 y 60 años,202508,315,292,23,0,78,72,6,0,78
Puebla,subdel,Entre 55 y 60 años,202508,1078,1005,73,0,231,227,4,0,231
Querétaro,subdel,Entre 55 y 60 años,202508,234,222,12,0,59,58,1,0,59
Quintana Roo,subdel,Entre 55 y 60 años,202508,34,30,4,0,2,2,0,0,2
San Luis Potosí,subdel,Entre 55 y 60 años,202508,446,405,41,0,127,121,6,0,127
Sinaloa,subdel,Entre 55 y 60 años,202508,847,763,84,0,171,162,9,0,171
Sonora,subdel,Entre 55 y 60 años,202508,762,645,117,0,200,178,22,0,200
Tabasco,subdel,Entre 55 y 60 años,202508,329,287,42,0,56,50,6,0,56
Tamaulipas,subdel,Entre 55 y 60 años,202508,840,735,105,0,186,168,18,0,186
Tlaxcala,subdel,Entre 55 y 60 años,202508,134,127,7,0,17,17,0,0,17
Veracruz,subdel,Entre 55 y 60 años,202508,1146,1053,93,0,230,223,7,0,230
Yucatán,subdel,Entre 55 y 60 años,202508,813,729,84,0,168,156,12,0,168
Zacatecas,subdel,Entre 55 y 60 años,202508,305,284,21,0,74,73,1,0,74
Aguascalientes,subdel,Entre 60 y 65 años,202508,178,170,8,0,41,41,0,0,41
Baja California,subdel,Entre 60 y 65 años,202508,159,137,22,0,38,36,2,0,38
Baja California Sur,subdel,Entre 60 y 65 años,202508,35,30,5,0,5,5,0,0,5
Campeche,subdel,Entre 60 y 65 años,202508,65,63,2,0,7,6,1,0,7
Chiapas,subdel,Entre 60 y 65 años,202508,170,159,11,0,22,22,0,0,22
Chihuahua,subdel,Entre 60 y 65 años,202508,435,391,44,0,94,89,5,0,94
Ciudad de México,subdel,Entre 60 y 65 años,202508,5973,5617,356,0,1168,1139,29,0,1168
Coahuila de Zaragoza,subdel,Entre 60 y 65 años,202508,344,308,36,0,72,71,1,0,72
Colima,subdel,Entre 60 y 65 años,202508,66,60,6,0,13,12,1,0,13
Durango,subdel,Entre 60 y 65 años,202508,182,163,19,0,41,41,0,0,41
Extranjero/Extranjera,subdel,Entre 60 y 65 años,202508,137,122,15,0,0,0,0,0,0
Guanajuato,subdel,Entre 60 y 65 años,202508,499,475,24,0,95,95,0,0,95
Guerrero,subdel,Entre 60 y 65 años,202508,192,178,14,0,41,41,0,0,41
Hidalgo,subdel,Entre 60 y 65 años,202508,151,142,9,0,31,30,1,0,31
Jalisco,subdel,Entre 60 y 65 años,202508,1194,1124,70,0,298,292,6,0,298
México,subdel,Entre 60 y 65 años,202508,601,573,28,0,95,95,0,0,95
Michoacán de Ocampo,subdel,Entre 60 y 65 años,202508,379,354,25,0,61,61,0,0,61
Morelos,subdel,Entre 60 y 65 años,202508,129,117,12,0,23,23,0,0,23
Nayarit,subdel,Entre 60 y 65 años,202508,78,73,5,0,16,16,0,0,16
Nuevo León,subdel,Entre 60 y 65 años,202508,1124,1041,83,0,340,329,11,0,340
Oaxaca,subdel,Entre 60 y 65 años,202508,192,170,22,0,42,42,0,0,42
Puebla,subdel,Entre 60 y 65 años,202508,546,516,30,0,102,99,3,0,102
Querétaro,subdel,Entre 60 y 65 años,202508,116,110,6,0,28,27,1,0,28
Quintana Roo,subdel,Entre 60 y 65 años,202508,24,23,1,0,4,4,0,0,4
San Luis Potosí,subdel,Entre 60 y 65 años,202508,288,270,18,0,86,85,1,0,86
Sinaloa,subdel,Entre 60 y 65 años,202508,418,380,38,0,72,68,4,0,72
Sonora,subdel,Entre 60 y 65 años,202508,404,366,38,0,80,75,5,0,80
Tabasco,subdel,Entre 60 y 65 años,202508,132,123,9,0,23,23,0,0,23
Tamaulipas,subdel,Entre 60 y 65 años,202508,432,400,32,0,88,85,3,0,88
Tlaxcala,subdel,Entre 60 y 65 años,202508,111,106,5,0,14,13,1,0,14
Veracruz,subdel,Entre 60 y 65 años,202508,572,518,54,0,99,98,1,0,99
Yucatán,subdel,Entre 60 y 65 años,202508,379,354,25,0,61,57,4,0,61
Zacatecas,subdel,Entre 60 y 65 años,202508,191,179,12,0,44,42,2,0,44
Aguascalientes,subdel,Entre 65 y 70 años,202508,47,46,1,0,10,10,0,0,10
Baja California,subdel,Entre 65 y 70 años,202508,68,65,3,0,13,12,1,0,13
Baja California Sur,subdel,Entre 65 y 70 años,202508,10,10,0,0,1,1,0,0,1
Campeche,subdel,Entre 65 y 70 años,202508,19,19,0,0,1,1,0,0,1
Chiapas,subdel,Entre 65 y 70 años,202508,62,61,1,0,7,7,0,0,7
Chihuahua,subdel,Entre 65 y 70 años,202508,151,144,7,0,37,37,0,0,37
Ciudad de México,subdel,Entre 65 y 70 años,202508,2236,2118,118,0,364,356,8,0,364
Coahuila de Zaragoza,subdel,Entre 65 y 70 años,202508,118,110,8,0,25,25,0,0,25
Colima,subdel,Entre 65 y 70 años,202508,37,37,0,0,6,6,0,0,6
Durango,subdel,Entre 65 y 70 años,202508,67,63,4,0,14,14,0,0,14
Extranjero/Extranjera,subdel,Entre 65 y 70 años,202508,67,64,3,0,0,0,0,0,0
Guanajuato,subdel,Entre 65 y 70 años,202508,184,178,6,0,38,37,1,0,38
Guerrero,subdel,Entre 65 y 70 años,202508,71,65,6,0,14,14,0,0,14
Hidalgo,subdel,Entre 65 y 70 años,202508,68,60,8,0,12,12,0,0,12
Jalisco,subdel,Entre 65 y 70 años,202508,403,380,23,0,72,72,0,0,72
México,subdel,Entre 65 y 70 años,202508,204,198,6,0,31,31,0,0,31
Michoacán de Ocampo,subdel,Entre 65 y 70 años,202508,146,128,18,0,29,26,3,0,29
Morelos,subdel,Entre 65 y 70 años,202508,38,38,0,0,6,6,0,0,6
Nayarit,subdel,Entre 65 y 70 años,202508,39,36,3,0,9,9,0,0,9
Nuevo León,subdel,Entre 65 y 70 años,202508,348,322,26,0,107,104,3,0,107
Oaxaca,subdel,Entre 65 y 70 años,202508,72,66,6,0,14,13,1,0,14
Puebla,subdel,Entre 65 y 70 años,202508,181,168,13,0,24,23,1,0,24
Querétaro,subdel,Entre 65 y 70 años,202508,41,41,0,0,5,5,0,0,5
Quintana Roo,subdel,Entre 65 y 70 años,202508,2,2,0,0,0,0,0,0,0
San Luis Potosí,subdel,Entre 65 y 70 años,202508,104,95,9,0,21,20,1,0,21
Sinaloa,subdel,Entre 65 y 70 años,202508,157,147,10,0,22,21,1,0,22
Sonora,subdel,Entre 65 y 70 años,202508,153,143,10,0,37,34,3,0,37
Tabasco,subdel,Entre 65 y 70 años,202508,40,39,1,0,9,9,0,0,9
Tamaulipas,subdel,Entre 65 y 70 años,202508,141,136,5,0,28,28,0,0,28
Tlaxcala,subdel,Entre 65 y 70 años,202508,43,40,3,0,4,4,0,0,4
Veracruz,subdel,Entre 65 y 70 años,202508,189,179,10,0,27,26,1,0,27
Yucatán,subdel,Entre 65 y 70 años,202508,121,115,6,0,25,24,1,0,25
Zacatecas,subdel,Entre 65 y 70 años,202508,74,67,7,0,18,18,0,0,18
Aguascalientes,subdel,Entre 70 y 75 años,202508,18,18,0,0,4,4,0,0,4
Baja California,subdel,Entre 70 y 75 años,202508,13,11,2,0,2,2,0,0,2
Baja California Sur,subdel,Entre 70 y 75 años,202508,2,2,0,0,0,0,0,0,0
Campeche,subdel,Entre 70 y 75 años,202508,10,8,2,0,2,2,0,0,2
Chiapas,subdel,Entre 70 y 75 años,202508,9,8,1,0,2,2,0,0,2
Chihuahua,subdel,Entre 70 y 75 años,202508,23,22,1,0,6,6,0,0,6
Ciudad de México,subdel,Entre 70 y 75 años,202508,602,570,32,0,93,92,1,0,93
Coahuila de Zaragoza,subdel,Entre 70 y 75 años,202508,35,34,1,0,6,6,0,0,6
Colima,subdel,Entre 70 y 75 años,202508,10,9,1,0,0,0,0,0,0
Durango,subdel,Entre 70 y 75 años,202508,19,18,1,0,2,2,0,0,2
Extranjero/Extranjera,subdel,Entre 70 y 75 años,202508,24,24,0,0,0,0,0,0,0
Guanajuato,subdel,Entre 70 y 75 años,202508,50,49,1,0,8,8,0,0,8
Guerrero,subdel,Entre 70 y 75 años,202508,21,18,3,0,4,4,0,0,4
Hidalgo,subdel,Entre 70 y 75 años,202508,18,17,1,0,2,2,0,0,2
Jalisco,subdel,Entre 70 y 75 años,202508,114,107,7,0,16,16,0,0,16
México,subdel,Entre 70 y 75 años,202508,58,53,5,0,11,11,0,0,11
Michoacán de Ocampo,subdel,Entre 70 y 75 años,202508,44,42,2,0,9,9,0,0,9
Morelos,subdel,Entre 70 y 75 años,202508,15,15,0,0,1,1,0,0,1
Nayarit,subdel,Entre 70 y 75 años,202508,13,12,1,0,3,3,0,0,3
Nuevo León,subdel,Entre 70 y 75 años,202508,78,73,5,0,19,18,1,0,19
Oaxaca,subdel,Entre 70 y 75 años,202508,25,23,2,0,3,3,0,0,3
Puebla,subdel,Entre 70 y 75 años,202508,53,52,1,0,8,8,0,0,8
Querétaro,subdel,Entre 70 y 75 años,202508,10,10,0,0,0,0,0,0,0
Quintana Roo,subdel,Entre 70 y 75 años,202508,2,1,1,0,0,0,0,0,0
San Luis Potosí,subdel,Entre 70 y 75 años,202508,28,27,1,0,6,6,0,0,6
Sinaloa,subdel,Entre 70 y 75 años,202508,46,46,0,0,7,7,0,0,7
Sonora,subdel,Entre 70 y 75 años,202508,46,46,0,0,7,7,0,0,7
Tabasco,subdel,Entre 70 y 75 años,202508,5,4,1,0,2,1,1,0,2
Tamaulipas,subdel,Entre 70 y 75 años,202508,45,44,1,0,14,14,0,0,14
Tlaxcala,subdel,Entre 70 y 75 años,202508,12,11,1,0,2,2,0,0,2
Veracruz,subdel,Entre 70 y 75 años,202508,70,65,5,0,9,9,0,0,9
Yucatán,subdel,Entre 70 y 75 años,202508,34,34,0,0,4,4,0,0,4
Zacatecas,subdel,Entre 70 y 75 años,202508,20,19,1,0,4,4,0,0,4
Ciudad de México,subdel,Entre 20 y 25 años,202508,31169,27960,3208,1,1038,982,56,0,1038
