CVE_DIVISION,División,entidad_nacimiento,fecha,Rango_edad_2,SalarioFem,SalarioMasc,PTPD_Aseg,PTPD_Aseg_H,PTPD_Aseg_M,PTPD_Aseg_NB,PTPD_Puestos,PTPD_Puestos_H,PTPD_Puestos_M,PTPD_Puestos_NB
8,Servicios para empresas,Aguascalientes,202508,75 años y más,,278.8,26,23,3,0,1,1,0,0
8,Servicios para empresas,Baja California,202508,75 años y más,278.8,278.8,38,37,1,0,2,1,1,0
8,Servicios para empresas,Baja California Sur,202508,75 años y más,,,22,22,0,0,0,0,0,0
8,Servicios para empresas,Campeche,202508,75 años y más,,,37,34,3,0,0,0,0,0
8,Servicios para empresas,Chiapas,202508,75 años y más,,,17,17,0,0,0,0,0,0
8,Servicios para empresas,Chihuahua,202508,75 años y más,,278.8,61,59,2,0,2,2,0,0
8,Servicios para empresas,Ciudad de México,202508,75 años y más,,278.8,120,117,3,0,6,6,0,0
8,Servicios para empresas,Coahuila de Zaragoza,202508,75 años y más,,278.8,67,65,2,0,9,9,0,0
8,Servicios para empresas,Colima,202508,75 años y más,,278.8,4,4,0,0,1,1,0,0
8,Servicios para empresas,Durango,202508,75 años y más,,,4,4,0,0,0,0,0,0
8,Servicios para empresas,Extranjero/Extranjera,202508,75 años y más,,,14,14,0,0,0,0,0,0
8,Servicios para empresas,Guanajuato,202508,75 años y más,,278.8,59,58,1,0,1,1,0,0
8,Servicios para empresas,Guerrero,202508,75 años y más,,278.8,10,10,0,0,1,1,0,0
8,Servicios para empresas,Hidalgo,202508,75 años y más,,278.8,5,4,1,0,1,1,0,0
8,Servicios para empresas,Jalisco,202508,75 años y más,,278.8,138,134,4,0,10,10,0,0
8,Servicios para empresas,México,202508,75 años y más,,278.8,46,43,3,0,2,2,0,0
8,Servicios para empresas,Michoacán de Ocampo,202508,75 años y más,,,15,15,0,0,0,0,0,0
8,Servicios para empresas,Morelos,202508,75 años y más,,,5,5,0,0,0,0,0,0
8,Servicios para empresas,Nayarit,202508,75 años y más,,278.8,109,108,1,0,8,8,0,0
8,Servicios para empresas,Nuevo León,202508,75 años y más,,,10,9,1,0,0,0,0,0
8,Servicios para empresas,Oaxaca,202508,75 años y más,,278.8,8,7,1,0,2,2,0,0
8,Servicios para empresas,Puebla,202508,75 años y más,,278.8,28,27,1,0,1,1,0,0
8,Servicios para empresas,Querétaro,202508,75 años y más,,278.8,32,31,1,0,1,1,0,0
8,Servicios para empresas,Quintana Roo,202508,75 años y más,,278.8,39,39,0,0,2,2,0,0
8,Servicios para empresas,San Luis Potosí,202508,75 años y más,,278.8,80,79,1,0,5,5,0,0
8,Servicios para empresas,Sinaloa,202508,75 años y más,,278.8,101,100,1,0,4,4,0,0
8,Servicios para empresas,Sonora,202508,75 años y más,,278.8,82,80,2,0,3,3,0,0
8,Servicios para empresas,Tabasco,202508,75 años y más,,,9,9,0,0,0,0,0,0
8,Servicios para empresas,Tamaulipas,202508,75 años y más,,278.8,14,14,0,0,1,1,0,0
8,Servicios para empresas,Tlaxcala,202508,75 años y más,,,6,6,0,0,0,0,0,0
8,Servicios para empresas,Veracruz,202508,75 años y más,,278.8,69,62,7,0,3,3,0,0
8,Servicios para empresas,Yucatán,202508,75 años y más,,278.8,60,56,4,0,1,1,0,0
8,Servicios para empresas,Zacatecas,202508,75 años y más,,,6,6,0,0,0,0,0,0
8,Servicios para empresas,Aguascalientes,202508,Entre 15 y 20 años,,278.8,19,19,0,0,2,2,0,0
8,Servicios para empresas,Baja California,202508,Entre 15 y 20 años,,278.8,32,30,2,0,1,1,0,0
8,Servicios para empresas,Baja California Sur,202508,Entre 15 y 20 años,,278.8,18,17,1,0,2,2,0,0
8,Servicios para empresas,Campeche,202508,Entre 15 y 20 años,,,7,7,0,0,0,0,0,0
8,Servicios para empresas,Chiapas,202508,Entre 15 y 20 años,,278.8,12,12,0,0,1,1,0,0
8,Servicios para empresas,Chihuahua,202508,Entre 15 y 20 años,,278.8,99,95,4,0,7,7,0,0
8,Servicios para empresas,Ciudad de México,202508,Entre 15 y 20 años,,278.8,40,39,1,0,2,2,0,0
8,Servicios para empresas,Coahuila de Zaragoza,202508,Entre 15 y 20 años,,278.8,90,87,3,0,5,5,0,0
8,Servicios para empresas,Colima,202508,Entre 15 y 20 años,,,2,2,0,0,0,0,0,0
8,Servicios para empresas,Durango,202508,Entre 15 y 20 años,,,9,9,0,0,0,0,0,0
8,Servicios para empresas,Guanajuato,202508,Entre 15 y 20 años,,,47,47,0,0,0,0,0,0
8,Servicios para empresas,Guerrero,202508,Entre 15 y 20 años,,,6,6,0,0,0,0,0,0
8,Servicios para empresas,Hidalgo,202508,Entre 15 y 20 años,,,2,2,0,0,0,0,0,0
8,Servicios para empresas,Jalisco,202508,Entre 15 y 20 años,,278.8,99,99,0,0,6,6,0,0
8,Servicios para empresas,México,202508,Entre 15 y 20 años,,,18,18,0,0,0,0,0,0
8,Servicios para empresas,Michoacán de Ocampo,202508,Entre 15 y 20 años,,,6,6,0,0,0,0,0,0
8,Servicios para empresas,Morelos,202508,Entre 15 y 20 años,,,5,5,0,0,0,0,0,0
8,Servicios para empresas,Nayarit,202508,Entre 15 y 20 años,,278.8,31,31,0,0,3,3,0,0
8,Servicios para empresas,Nuevo León,202508,Entre 15 y 20 años,,,16,16,0,0,0,0,0,0
8,Servicios para empresas,Oaxaca,202508,Entre 15 y 20 años,,,5,5,0,0,0,0,0,0
8,Servicios para empresas,Puebla,202508,Entre 15 y 20 años,,,20,19,1,0,0,0,0,0
8,Servicios para empresas,Querétaro,202508,Entre 15 y 20 años,,278.8,22,22,0,0,1,1,0,0
8,Servicios para empresas,Quintana Roo,202508,Entre 15 y 20 años,,278.8,31,30,1,0,1,1,0,0
8,Servicios para empresas,San Luis Potosí,202508,Entre 15 y 20 años,,278.8,55,53,2,0,1,1,0,0
8,Servicios para empresas,Sinaloa,202508,Entre 15 y 20 años,278.8,278.8,70,67,3,0,5,4,1,0
8,Servicios para empresas,Sonora,202508,Entre 15 y 20 años,,278.8,58,56,2,0,4,4,0,0
8,Servicios para empresas,Tabasco,202508,Entre 15 y 20 años,,,13,13,0,0,0,0,0,0
8,Servicios para empresas,Tamaulipas,202508,Entre 15 y 20 años,,,10,9,1,0,0,0,0,0
8,Servicios para empresas,Veracruz,202508,Entre 15 y 20 años,,278.8,36,36,0,0,1,1,0,0
8,Servicios para empresas,Yucatán,202508,Entre 15 y 20 años,,,27,27,0,0,0,0,0,0
8,Servicios para empresas,Zacatecas,202508,Entre 15 y 20 años,,,1,1,0,0,0,0,0,0
8,Servicios para empresas,Aguascalientes,202508,Entre 20 y 25 años,278.8,278.8,292,273,19,0,11,8,3,0
8,Servicios para empresas,Baja California,202508,Entre 20 y 25 años,,278.8,352,341,11,0,23,23,0,0
8,Servicios para empresas,Baja California Sur,202508,Entre 20 y 25 años,,278.8,225,201,24,0,10,10,0,0
8,Servicios para empresas,Campeche,202508,Entre 20 y 25 años,,278.8,252,232,20,0,15,15,0,0
8,Servicios para empresas,Chiapas,202508,Entre 20 y 25 años,,278.8,221,212,9,0,11,11,0,0
8,Servicios para empresas,Chihuahua,202508,Entre 20 y 25 años,278.8,278.8,1038,943,95,0,36,35,1,0
8,Servicios para empresas,Ciudad de México,202508,Entre 20 y 25 años,,278.8,1057,1027,30,0,35,35,0,0
8,Servicios para empresas,Coahuila de Zaragoza,202508,Entre 20 y 25 años,278.8,278.8,1191,1130,61,0,145,142,3,0
8,Servicios para empresas,Colima,202508,Entre 20 y 25 años,,,26,25,1,0,0,0,0,0
8,Servicios para empresas,Durango,202508,Entre 20 y 25 años,,278.8,81,77,4,0,4,4,0,0
8,Servicios para empresas,Extranjero/Extranjera,202508,Entre 20 y 25 años,,,74,70,4,0,0,0,0,0
8,Servicios para empresas,Guanajuato,202508,Entre 20 y 25 años,,278.8,603,589,14,0,16,16,0,0
8,Servicios para empresas,Guerrero,202508,Entre 20 y 25 años,,278.8,141,137,4,0,12,12,0,0
8,Servicios para empresas,Hidalgo,202508,Entre 20 y 25 años,,,48,47,1,0,0,0,0,0
8,Servicios para empresas,Jalisco,202508,Entre 20 y 25 años,,278.8,1232,1184,48,0,85,85,0,0
8,Servicios para empresas,México,202508,Entre 20 y 25 años,278.8,278.8,547,530,17,0,18,16,2,0
8,Servicios para empresas,Michoacán de Ocampo,202508,Entre 20 y 25 años,,278.8,200,190,10,0,10,10,0,0
8,Servicios para empresas,Morelos,202508,Entre 20 y 25 años,,278.8,62,59,3,0,2,2,0,0
8,Servicios para empresas,Nayarit,202508,Entre 20 y 25 años,278.8,278.8,664,639,25,0,74,73,1,0
8,Servicios para empresas,Nuevo León,202508,Entre 20 y 25 años,,278.8,210,206,4,0,11,11,0,0
8,Servicios para empresas,Oaxaca,202508,Entre 20 y 25 años,,278.8,133,129,4,0,7,7,0,0
8,Servicios para empresas,Puebla,202508,Entre 20 y 25 años,,278.8,296,286,10,0,8,8,0,0
8,Servicios para empresas,Querétaro,202508,Entre 20 y 25 años,,278.8,317,307,10,0,18,18,0,0
8,Servicios para empresas,Quintana Roo,202508,Entre 20 y 25 años,,278.8,328,316,12,0,10,10,0,0
8,Servicios para empresas,San Luis Potosí,202508,Entre 20 y 25 años,278.8,278.8,822,765,57,0,53,51,2,0
8,Servicios para empresas,Sinaloa,202508,Entre 20 y 25 años,,278.8,999,955,44,0,54,54,0,0
8,Servicios para empresas,Sonora,202508,Entre 20 y 25 años,278.8,278.8,859,810,49,0,67,64,3,0
8,Servicios para empresas,Tabasco,202508,Entre 20 y 25 años,278.8,278.8,224,208,16,0,14,13,1,0
8,Servicios para empresas,Tamaulipas,202508,Entre 20 y 25 años,,278.8,231,216,15,0,7,7,0,0
8,Servicios para empresas,Tlaxcala,202508,Entre 20 y 25 años,,278.8,47,45,2,0,3,3,0,0
8,Servicios para empresas,Veracruz,202508,Entre 20 y 25 años,278.8,278.8,918,870,48,0,67,64,3,0
8,Servicios para empresas,Yucatán,202508,Entre 20 y 25 años,,278.8,763,721,42,0,29,29,0,0
8,Servicios para empresas,Zacatecas,202508,Entre 20 y 25 años,278.8,278.8,43,38,5,0,2,1,1,0
8,Servicios para empresas,Aguascalientes,202508,Entre 25 y 30 años,278.8,278.8,455,418,37,0,21,20,1,0
8,Servicios para empresas,Baja California,202508,Entre 25 y 30 años,278.8,278.8,569,527,42,0,47,45,2,0
8,Servicios para empresas,Baja California Sur,202508,Entre 25 y 30 años,,278.8,253,217,36,0,10,10,0,0
8,Servicios para empresas,Campeche,202508,Entre 25 y 30 años,,278.8,550,494,56,0,33,33,0,0
8,Servicios para empresas,Chiapas,202508,Entre 25 y 30 años,278.8,278.8,443,423,20,0,21,20,1,0
8,Servicios para empresas,Chihuahua,202508,Entre 25 y 30 años,278.8,278.8,1408,1236,172,0,120,109,11,0
8,Servicios para empresas,Ciudad de México,202508,Entre 25 y 30 años,278.8,278.8,2183,2078,105,0,113,111,2,0
8,Servicios para empresas,Coahuila de Zaragoza,202508,Entre 25 y 30 años,278.8,278.8,1913,1789,124,0,256,245,11,0
8,Servicios para empresas,Colima,202508,Entre 25 y 30 años,,278.8,52,50,2,0,5,5,0,0
8,Servicios para empresas,Durango,202508,Entre 25 y 30 años,,278.8,155,146,9,0,11,11,0,0
8,Servicios para empresas,Extranjero/Extranjera,202508,Entre 25 y 30 años,,,97,92,5,0,0,0,0,0
8,Servicios para empresas,Guanajuato,202508,Entre 25 y 30 años,278.8,278.8,1046,1002,44,0,59,58,1,0
8,Servicios para empresas,Guerrero,202508,Entre 25 y 30 años,278.8,278.8,289,273,16,0,37,34,3,0
8,Servicios para empresas,Hidalgo,202508,Entre 25 y 30 años,,278.8,113,110,3,0,8,8,0,0
8,Servicios para empresas,Jalisco,202508,Entre 25 y 30 años,278.8,278.8,1928,1825,103,0,142,135,7,0
8,Servicios para empresas,México,202508,Entre 25 y 30 años,,278.8,998,977,21,0,62,62,0,0
8,Servicios para empresas,Michoacán de Ocampo,202508,Entre 25 y 30 años,278.8,278.8,407,393,14,0,17,16,1,0
8,Servicios para empresas,Morelos,202508,Entre 25 y 30 años,,278.8,129,123,6,0,6,6,0,0
8,Servicios para empresas,Nayarit,202508,Entre 25 y 30 años,,278.8,1044,999,45,0,127,127,0,0
8,Servicios para empresas,Nuevo León,202508,Entre 25 y 30 años,,278.8,431,414,17,0,31,31,0,0
8,Servicios para empresas,Oaxaca,202508,Entre 25 y 30 años,278.8,278.8,358,344,14,0,28,27,1,0
8,Servicios para empresas,Puebla,202508,Entre 25 y 30 años,278.8,278.8,625,599,26,0,36,35,1,0
8,Servicios para empresas,Querétaro,202508,Entre 25 y 30 años,,278.8,613,574,39,0,61,61,0,0
8,Servicios para empresas,Quintana Roo,202508,Entre 25 y 30 años,,278.8,487,448,39,0,31,31,0,0
8,Servicios para empresas,San Luis Potosí,202508,Entre 25 y 30 años,278.8,278.8,1332,1231,101,0,106,101,5,0
8,Servicios para empresas,Sinaloa,202508,Entre 25 y 30 años,278.8,278.8,1435,1340,95,0,72,68,4,0
8,Servicios para empresas,Sonora,202508,Entre 25 y 30 años,278.8,278.8,1362,1209,153,0,128,111,17,0
8,Servicios para empresas,Tabasco,202508,Entre 25 y 30 años,,278.8,469,437,32,0,32,32,0,0
8,Servicios para empresas,Tamaulipas,202508,Entre 25 y 30 años,278.8,278.8,446,425,21,0,24,22,2,0
8,Servicios para empresas,Tlaxcala,202508,Entre 25 y 30 años,,278.8,59,58,1,0,4,4,0,0
8,Servicios para empresas,Veracruz,202508,Entre 25 y 30 años,278.8,278.8,2058,1917,141,0,176,169,7,0
8,Servicios para empresas,Yucatán,202508,Entre 25 y 30 años,278.8,278.8,1393,1303,90,0,115,113,2,0
8,Servicios para empresas,Zacatecas,202508,Entre 25 y 30 años,,278.8,82,75,7,0,8,8,0,0
8,Servicios para empresas,Aguascalientes,202508,Entre 30 y 35 años,278.8,278.8,524,482,42,0,28,27,1,0
8,Servicios para empresas,Baja California,202508,Entre 30 y 35 años,278.8,278.8,577,518,59,0,54,51,3,0
8,Servicios para empresas,Baja California Sur,202508,Entre 30 y 35 años,278.8,278.8,262,216,46,0,26,24,2,0
8,Servicios para empresas,Campeche,202508,Entre 30 y 35 años,278.8,278.8,659,589,70,0,72,67,5,0
8,Servicios para empresas,Chiapas,202508,Entre 30 y 35 años,278.8,278.8,481,459,22,0,44,42,2,0
8,Servicios para empresas,Chihuahua,202508,Entre 30 y 35 años,278.8,278.8,1543,1339,204,0,139,122,17,0
8,Servicios para empresas,Ciudad de México,202508,Entre 30 y 35 años,278.8,278.8,3314,3162,152,0,252,248,4,0
8,Servicios para empresas,Coahuila de Zaragoza,202508,Entre 30 y 35 años,278.8,278.8,2400,2167,233,0,418,398,20,0
8,Servicios para empresas,Colima,202508,Entre 30 y 35 años,,278.8,47,41,6,0,4,4,0,0
8,Servicios para empresas,Durango,202508,Entre 30 y 35 años,278.8,278.8,254,232,22,0,23,22,1,0
8,Servicios para empresas,Extranjero/Extranjera,202508,Entre 30 y 35 años,,,140,126,14,0,0,0,0,0
8,Servicios para empresas,Guanajuato,202508,Entre 30 y 35 años,278.8,278.8,1272,1211,61,0,82,79,3,0
8,Servicios para empresas,Guerrero,202508,Entre 30 y 35 años,278.8,278.8,360,338,22,0,42,41,1,0
8,Servicios para empresas,Hidalgo,202508,Entre 30 y 35 años,,278.8,168,156,12,0,15,15,0,0
8,Servicios para empresas,Jalisco,202508,Entre 30 y 35 años,278.8,278.8,2257,2083,174,0,224,208,16,0
8,Servicios para empresas,México,202508,Entre 30 y 35 años,278.8,278.8,1278,1228,50,0,104,98,6,0
8,Servicios para empresas,Michoacán de Ocampo,202508,Entre 30 y 35 años,278.8,278.8,531,502,29,0,23,22,1,0
8,Servicios para empresas,Morelos,202508,Entre 30 y 35 años,278.8,278.8,181,171,10,0,10,9,1,0
8,Servicios para empresas,Nayarit,202508,Entre 30 y 35 años,278.8,278.8,1086,1013,73,0,146,141,5,0
8,Servicios para empresas,Nuevo León,202508,Entre 30 y 35 años,278.8,278.8,638,601,37,0,47,46,1,0
8,Servicios para empresas,Oaxaca,202508,Entre 30 y 35 años,278.8,278.8,422,398,24,0,36,35,1,0
8,Servicios para empresas,Puebla,202508,Entre 30 y 35 años,,278.8,861,827,34,0,56,56,0,0
8,Servicios para empresas,Querétaro,202508,Entre 30 y 35 años,278.8,278.8,765,719,46,0,75,73,2,0
8,Servicios para empresas,Quintana Roo,202508,Entre 30 y 35 años,278.8,278.8,469,420,49,0,21,20,1,0
8,Servicios para empresas,San Luis Potosí,202508,Entre 30 y 35 años,278.8,278.8,1554,1419,135,0,140,136,4,0
8,Servicios para empresas,Sinaloa,202508,Entre 30 y 35 años,278.8,278.8,1517,1395,122,0,94,88,6,0
8,Servicios para empresas,Sonora,202508,Entre 30 y 35 años,278.8,278.8,1520,1326,194,0,165,150,15,0
8,Servicios para empresas,Tabasco,202508,Entre 30 y 35 años,278.8,278.8,518,492,26,0,47,46,1,0
8,Servicios para empresas,Tamaulipas,202508,Entre 30 y 35 años,278.8,278.8,497,460,37,0,26,25,1,0
8,Servicios para empresas,Tlaxcala,202508,Entre 30 y 35 años,,278.8,72,71,1,0,6,6,0,0
8,Servicios para empresas,Veracruz,202508,Entre 30 y 35 años,278.8,278.8,2608,2435,173,0,274,266,8,0
8,Servicios para empresas,Yucatán,202508,Entre 30 y 35 años,278.8,278.8,1769,1616,153,0,128,122,6,0
8,Servicios para empresas,Zacatecas,202508,Entre 30 y 35 años,278.8,278.8,126,113,13,0,19,18,1,0
8,Servicios para empresas,Aguascalientes,202508,Entre 35 y 40 años,278.8,278.8,448,403,45,0,36,34,2,0
8,Servicios para empresas,Baja California,202508,Entre 35 y 40 años,278.8,278.8,479,435,44,0,53,51,2,0
8,Servicios para empresas,Baja California Sur,202508,Entre 35 y 40 años,278.8,278.8,220,176,44,0,23,21,2,0
8,Servicios para empresas,Campeche,202508,Entre 35 y 40 años,278.8,278.8,599,537,62,0,62,59,3,0
8,Servicios para empresas,Chiapas,202508,Entre 35 y 40 años,278.8,278.8,465,442,23,0,46,45,1,0
8,Servicios para empresas,Chihuahua,202508,Entre 35 y 40 años,278.8,278.8,1159,1003,156,0,111,102,9,0
8,Servicios para empresas,Ciudad de México,202508,Entre 35 y 40 años,278.8,278.8,3994,3811,183,0,377,363,14,0
8,Servicios para empresas,Coahuila de Zaragoza,202508,Entre 35 y 40 años,278.8,278.8,1977,1811,166,0,366,347,19,0
8,Servicios para empresas,Colima,202508,Entre 35 y 40 años,,278.8,52,51,1,0,7,7,0,0
8,Servicios para empresas,Durango,202508,Entre 35 y 40 años,,278.8,192,177,15,0,16,16,0,0
8,Servicios para empresas,Extranjero/Extranjera,202508,Entre 35 y 40 años,,,116,112,4,0,0,0,0,0
8,Servicios para empresas,Guanajuato,202508,Entre 35 y 40 años,278.8,278.8,1100,1043,57,0,83,77,6,0
8,Servicios para empresas,Guerrero,202508,Entre 35 y 40 años,278.8,278.8,346,313,33,0,38,32,6,0
8,Servicios para empresas,Hidalgo,202508,Entre 35 y 40 años,278.8,278.8,137,129,8,0,18,17,1,0
8,Servicios para empresas,Jalisco,202508,Entre 35 y 40 años,278.8,278.8,2168,2004,164,0,198,193,5,0
8,Servicios para empresas,México,202508,Entre 35 y 40 años,278.8,278.8,1081,1034,47,0,91,88,3,0
8,Servicios para empresas,Michoacán de Ocampo,202508,Entre 35 y 40 años,278.8,278.8,450,426,24,0,34,33,1,0
8,Servicios para empresas,Morelos,202508,Entre 35 y 40 años,,278.8,151,146,5,0,11,11,0,0
8,Servicios para empresas,Nayarit,202508,Entre 35 y 40 años,278.8,278.8,1067,986,81,0,175,168,7,0
8,Servicios para empresas,Nuevo León,202508,Entre 35 y 40 años,278.8,278.8,640,608,32,0,57,53,4,0
8,Servicios para empresas,Oaxaca,202508,Entre 35 y 40 años,278.8,278.8,340,314,26,0,32,30,2,0
8,Servicios para empresas,Puebla,202508,Entre 35 y 40 años,278.8,278.8,773,734,39,0,60,59,1,0
8,Servicios para empresas,Querétaro,202508,Entre 35 y 40 años,278.8,278.8,652,609,43,0,85,79,6,0
8,Servicios para empresas,Quintana Roo,202508,Entre 35 y 40 años,278.8,278.8,300,270,30,0,22,18,4,0
8,Servicios para empresas,San Luis Potosí,202508,Entre 35 y 40 años,278.8,278.8,1200,1098,102,0,152,146,6,0
8,Servicios para empresas,Sinaloa,202508,Entre 35 y 40 años,278.8,278.8,1284,1156,128,0,102,95,7,0
8,Servicios para empresas,Sonora,202508,Entre 35 y 40 años,278.8,278.8,1347,1163,184,0,172,154,18,0
8,Servicios para empresas,Tabasco,202508,Entre 35 y 40 años,278.8,278.8,506,469,37,0,52,49,3,0
8,Servicios para empresas,Tamaulipas,202508,Entre 35 y 40 años,278.8,278.8,471,432,39,0,29,26,3,0
8,Servicios para empresas,Tlaxcala,202508,Entre 35 y 40 años,,278.8,78,78,0,0,11,11,0,0
8,Servicios para empresas,Veracruz,202508,Entre 35 y 40 años,278.8,278.8,2498,2325,173,0,269,258,11,0
8,Servicios para empresas,Yucatán,202508,Entre 35 y 40 años,278.8,278.8,1677,1524,153,0,149,138,11,0
8,Servicios para empresas,Zacatecas,202508,Entre 35 y 40 años,,278.8,154,142,12,0,20,20,0,0
8,Servicios para empresas,Aguascalientes,202508,Entre 40 y 45 años,278.8,278.8,284,254,30,0,19,16,3,0
8,Servicios para empresas,Baja California,202508,Entre 40 y 45 años,278.8,278.8,355,320,35,0,41,40,1,0
8,Servicios para empresas,Baja California Sur,202508,Entre 40 y 45 años,,278.8,154,127,27,0,9,9,0,0
8,Servicios para empresas,Campeche,202508,Entre 40 y 45 años,,278.8,377,342,35,0,55,55,0,0
8,Servicios para empresas,Chiapas,202508,Entre 40 y 45 años,278.8,278.8,327,317,10,0,31,29,2,0
8,Servicios para empresas,Chihuahua,202508,Entre 40 y 45 años,278.8,278.8,785,671,114,0,75,65,10,0
8,Servicios para empresas,Ciudad de México,202508,Entre 40 y 45 años,278.8,278.8,4051,3857,194,0,408,398,10,0
8,Servicios para empresas,Coahuila de Zaragoza,202508,Entre 40 y 45 años,278.8,278.8,1540,1411,129,0,282,266,16,0
8,Servicios para empresas,Colima,202508,Entre 40 y 45 años,,278.8,34,33,1,0,1,1,0,0
8,Servicios para empresas,Durango,202508,Entre 40 y 45 años,278.8,278.8,185,164,21,0,18,16,2,0
8,Servicios para empresas,Extranjero/Extranjera,202508,Entre 40 y 45 años,,,95,88,7,0,0,0,0,0
8,Servicios para empresas,Guanajuato,202508,Entre 40 y 45 años,278.8,278.8,932,885,47,0,74,72,2,0
8,Servicios para empresas,Guerrero,202508,Entre 40 y 45 años,,278.8,231,211,20,0,20,20,0,0
8,Servicios para empresas,Hidalgo,202508,Entre 40 y 45 años,,278.8,104,98,6,0,17,17,0,0
8,Servicios para empresas,Jalisco,202508,Entre 40 y 45 años,278.8,278.8,1753,1633,120,0,207,192,15,0
8,Servicios para empresas,México,202508,Entre 40 y 45 años,278.8,278.8,665,638,27,0,57,53,4,0
8,Servicios para empresas,Michoacán de Ocampo,202508,Entre 40 y 45 años,,278.8,327,306,21,0,26,26,0,0
8,Servicios para empresas,Morelos,202508,Entre 40 y 45 años,,278.8,130,129,1,0,8,8,0,0
8,Servicios para empresas,Nayarit,202508,Entre 40 y 45 años,278.8,278.8,877,831,46,0,149,143,6,0
8,Servicios para empresas,Nuevo León,202508,Entre 40 y 45 años,278.8,278.8,566,539,27,0,60,58,2,0
8,Servicios para empresas,Oaxaca,202508,Entre 40 y 45 años,278.8,278.8,287,269,18,0,30,29,1,0
8,Servicios para empresas,Puebla,202508,Entre 40 y 45 años,278.8,278.8,667,621,46,0,53,50,3,0
8,Servicios para empresas,Querétaro,202508,Entre 40 y 45 años,278.8,278.8,519,493,26,0,72,68,4,0
8,Servicios para empresas,Quintana Roo,202508,Entre 40 y 45 años,,278.8,165,155,10,0,17,17,0,0
8,Servicios para empresas,San Luis Potosí,202508,Entre 40 y 45 años,278.8,278.8,819,745,74,0,102,95,7,0
8,Servicios para empresas,Sinaloa,202508,Entre 40 y 45 años,278.8,278.8,1029,918,111,0,94,89,5,0
8,Servicios para empresas,Sonora,202508,Entre 40 y 45 años,278.8,278.8,1069,928,141,0,149,129,20,0
8,Servicios para empresas,Tabasco,202508,Entre 40 y 45 años,278.8,278.8,363,338,25,0,45,44,1,0
8,Servicios para empresas,Tamaulipas,202508,Entre 40 y 45 años,,278.8,399,373,26,0,36,36,0,0
8,Servicios para empresas,Tlaxcala,202508,Entre 40 y 45 años,,278.8,42,40,2,0,4,4,0,0
8,Servicios para empresas,Veracruz,202508,Entre 40 y 45 años,278.8,278.8,2059,1932,127,0,257,246,11,0
8,Servicios para empresas,Yucatán,202508,Entre 40 y 45 años,278.8,278.8,1295,1195,100,0,122,117,5,0
8,Servicios para empresas,Zacatecas,202508,Entre 40 y 45 años,278.8,278.8,129,120,9,0,10,9,1,0
8,Servicios para empresas,Aguascalientes,202508,Entre 45 y 50 años,,278.8,195,179,16,0,29,29,0,0
8,Servicios para empresas,Baja California,202508,Entre 45 y 50 años,,278.8,219,200,19,0,31,31,0,0
8,Servicios para empresas,Baja California Sur,202508,Entre 45 y 50 años,278.8,278.8,123,103,20,0,10,8,2,0
8,Servicios para empresas,Campeche,202508,Entre 45 y 50 años,278.8,278.8,211,187,24,0,30,29,1,0
8,Servicios para empresas,Chiapas,202508,Entre 45 y 50 años,,278.8,203,197,6,0,25,25,0,0
8,Servicios para empresas,Chihuahua,202508,Entre 45 y 50 años,278.8,278.8,560,487,73,0,68,61,7,0
8,Servicios para empresas,Ciudad de México,202508,Entre 45 y 50 años,278.8,278.8,3278,3120,158,0,380,373,7,0
8,Servicios para empresas,Coahuila de Zaragoza,202508,Entre 45 y 50 años,278.8,278.8,1056,977,79,0,216,208,8,0
8,Servicios para empresas,Colima,202508,Entre 45 y 50 años,,278.8,26,23,3,0,1,1,0,0
8,Servicios para empresas,Durango,202508,Entre 45 y 50 años,278.8,278.8,147,138,9,0,23,20,3,0
8,Servicios para empresas,Extranjero/Extranjera,202508,Entre 45 y 50 años,,,75,73,2,0,0,0,0,0
8,Servicios para empresas,Guanajuato,202508,Entre 45 y 50 años,,278.8,622,591,31,0,49,49,0,0
8,Servicios para empresas,Guerrero,202508,Entre 45 y 50 años,278.8,278.8,182,169,13,0,24,23,1,0
8,Servicios para empresas,Hidalgo,202508,Entre 45 y 50 años,,278.8,84,80,4,0,15,15,0,0
8,Servicios para empresas,Jalisco,202508,Entre 45 y 50 años,278.8,278.8,1300,1207,93,0,148,141,7,0
8,Servicios para empresas,México,202508,Entre 45 y 50 años,,278.8,404,387,17,0,36,36,0,0
8,Servicios para empresas,Michoacán de Ocampo,202508,Entre 45 y 50 años,,278.8,275,264,11,0,21,21,0,0
8,Servicios para empresas,Morelos,202508,Entre 45 y 50 años,,278.8,96,92,4,0,8,8,0,0
8,Servicios para empresas,Nayarit,202508,Entre 45 y 50 años,278.8,278.8,648,612,36,0,109,105,4,0
8,Servicios para empresas,Nuevo León,202508,Entre 45 y 50 años,,278.8,473,449,24,0,52,52,0,0
8,Servicios para empresas,Oaxaca,202508,Entre 45 y 50 años,,278.8,195,189,6,0,21,21,0,0
8,Servicios para empresas,Puebla,202508,Entre 45 y 50 años,,278.8,476,454,22,0,45,45,0,0
8,Servicios para empresas,Querétaro,202508,Entre 45 y 50 años,,278.8,410,390,20,0,54,54,0,0
8,Servicios para empresas,Quintana Roo,202508,Entre 45 y 50 años,278.8,278.8,93,86,7,0,10,9,1,0
8,Servicios para empresas,San Luis Potosí,202508,Entre 45 y 50 años,278.8,278.8,582,535,47,0,91,85,6,0
8,Servicios para empresas,Sinaloa,202508,Entre 45 y 50 años,278.8,278.8,751,687,64,0,92,87,5,0
8,Servicios para empresas,Sonora,202508,Entre 45 y 50 años,278.8,278.8,706,612,94,0,118,109,9,0
8,Servicios para empresas,Tabasco,202508,Entre 45 y 50 años,278.8,278.8,193,179,14,0,29,28,1,0
8,Servicios para empresas,Tamaulipas,202508,Entre 45 y 50 años,278.8,278.8,288,265,23,0,27,26,1,0
8,Servicios para empresas,Tlaxcala,202508,Entre 45 y 50 años,,278.8,41,41,0,0,5,5,0,0
8,Servicios para empresas,Veracruz,202508,Entre 45 y 50 años,278.8,278.8,1525,1444,81,0,208,199,9,0
8,Servicios para empresas,Yucatán,202508,Entre 45 y 50 años,278.8,278.8,878,812,66,0,119,115,4,0
8,Servicios para empresas,Zacatecas,202508,Entre 45 y 50 años,,278.8,96,90,6,0,12,12,0,0
8,Servicios para empresas,Aguascalientes,202508,Entre 50 y 55 años,,278.8,131,118,13,0,13,13,0,0
8,Servicios para empresas,Baja California,202508,Entre 50 y 55 años,278.8,278.8,178,159,19,0,23,22,1,0
8,Servicios para empresas,Baja California Sur,202508,Entre 50 y 55 años,,278.8,53,46,7,0,6,6,0,0
8,Servicios para empresas,Campeche,202508,Entre 50 y 55 años,278.8,278.8,154,129,25,0,21,19,2,0
8,Servicios para empresas,Chiapas,202508,Entre 50 y 55 años,,278.8,93,87,6,0,11,11,0,0
8,Servicios para empresas,Chihuahua,202508,Entre 50 y 55 años,278.8,278.8,336,304,32,0,47,46,1,0
8,Servicios para empresas,Ciudad de México,202508,Entre 50 y 55 años,278.8,278.8,2678,2556,122,0,312,301,11,0
8,Servicios para empresas,Coahuila de Zaragoza,202508,Entre 50 y 55 años,278.8,278.8,605,572,33,0,141,136,5,0
8,Servicios para empresas,Colima,202508,Entre 50 y 55 años,,,13,10,3,0,0,0,0,0
8,Servicios para empresas,Durango,202508,Entre 50 y 55 años,278.8,278.8,76,70,6,0,18,17,1,0
8,Servicios para empresas,Extranjero/Extranjera,202508,Entre 50 y 55 años,,,47,44,3,0,0,0,0,0
8,Servicios para empresas,Guanajuato,202508,Entre 50 y 55 años,278.8,278.8,421,404,17,0,54,50,4,0
8,Servicios para empresas,Guerrero,202508,Entre 50 y 55 años,,278.8,126,123,3,0,19,19,0,0
8,Servicios para empresas,Hidalgo,202508,Entre 50 y 55 años,,278.8,58,55,3,0,6,6,0,0
8,Servicios para empresas,Jalisco,202508,Entre 50 y 55 años,278.8,278.8,868,820,48,0,98,96,2,0
8,Servicios para empresas,México,202508,Entre 50 y 55 años,,278.8,226,218,8,0,21,21,0,0
8,Servicios para empresas,Michoacán de Ocampo,202508,Entre 50 y 55 años,278.8,278.8,178,171,7,0,11,10,1,0
8,Servicios para empresas,Morelos,202508,Entre 50 y 55 años,,278.8,63,59,4,0,11,11,0,0
8,Servicios para empresas,Nayarit,202508,Entre 50 y 55 años,,278.8,383,371,12,0,53,53,0,0
8,Servicios para empresas,Nuevo León,202508,Entre 50 y 55 años,,278.8,296,292,4,0,35,35,0,0
8,Servicios para empresas,Oaxaca,202508,Entre 50 y 55 años,,278.8,119,115,4,0,18,18,0,0
8,Servicios para empresas,Puebla,202508,Entre 50 y 55 años,278.8,278.8,324,310,14,0,29,28,1,0
8,Servicios para empresas,Querétaro,202508,Entre 50 y 55 años,278.8,278.8,280,266,14,0,38,34,4,0
8,Servicios para empresas,Quintana Roo,202508,Entre 50 y 55 años,,278.8,30,28,2,0,2,2,0,0
8,Servicios para empresas,San Luis Potosí,202508,Entre 50 y 55 años,278.8,278.8,358,331,27,0,55,53,2,0
8,Servicios para empresas,Sinaloa,202508,Entre 50 y 55 años,278.8,278.8,433,389,44,0,67,65,2,0
8,Servicios para empresas,Sonora,202508,Entre 50 y 55 años,278.8,278.8,442,382,60,0,90,83,7,0
8,Servicios para empresas,Tabasco,202508,Entre 50 y 55 años,278.8,278.8,129,121,8,0,23,21,2,0
8,Servicios para empresas,Tamaulipas,202508,Entre 50 y 55 años,,278.8,186,172,14,0,20,20,0,0
8,Servicios para empresas,Tlaxcala,202508,Entre 50 y 55 años,,278.8,35,34,1,0,4,4,0,0
8,Servicios para empresas,Veracruz,202508,Entre 50 y 55 años,278.8,278.8,1013,950,63,0,133,122,11,0
8,Servicios para empresas,Yucatán,202508,Entre 50 y 55 años,278.8,278.8,589,537,52,0,56,54,2,0
8,Servicios para empresas,Zacatecas,202508,Entre 50 y 55 años,278.8,278.8,79,77,2,0,11,10,1,0
8,Servicios para empresas,Aguascalientes,202508,Entre 55 y 60 años,278.8,278.8,85,81,4,0,10,9,1,0
8,Servicios para empresas,Baja California,202508,Entre 55 y 60 años,,278.8,78,75,3,0,13,13,0,0
8,Servicios para empresas,Baja California Sur,202508,Entre 55 y 60 años,,278.8,22,20,2,0,5,5,0,0
8,Servicios para empresas,Campeche,202508,Entre 55 y 60 años,278.8,278.8,95,83,12,0,23,22,1,0
8,Servicios para empresas,Chiapas,202508,Entre 55 y 60 años,,278.8,52,50,2,0,8,8,0,0
8,Servicios para empresas,Chihuahua,202508,Entre 55 y 60 años,278.8,278.8,197,182,15,0,29,27,2,0
8,Servicios para empresas,Ciudad de México,202508,Entre 55 y 60 años,278.8,278.8,1578,1507,71,0,201,198,3,0
8,Servicios para empresas,Coahuila de Zaragoza,202508,Entre 55 y 60 años,278.8,278.8,377,357,20,0,85,83,2,0
8,Servicios para empresas,Colima,202508,Entre 55 y 60 años,,278.8,12,12,0,0,1,1,0,0
8,Servicios para empresas,Durango,202508,Entre 55 y 60 años,,278.8,54,51,3,0,7,7,0,0
8,Servicios para empresas,Extranjero/Extranjera,202508,Entre 55 y 60 años,,,37,35,2,0,0,0,0,0
8,Servicios para empresas,Guanajuato,202508,Entre 55 y 60 años,,278.8,265,259,6,0,26,26,0,0
8,Servicios para empresas,Guerrero,202508,Entre 55 y 60 años,,278.8,66,63,3,0,5,5,0,0
8,Servicios para empresas,Hidalgo,202508,Entre 55 y 60 años,,278.8,41,41,0,0,8,8,0,0
8,Servicios para empresas,Jalisco,202508,Entre 55 y 60 años,278.8,278.8,517,501,16,0,91,88,3,0
8,Servicios para empresas,México,202508,Entre 55 y 60 años,,278.8,133,132,1,0,14,14,0,0
8,Servicios para empresas,Michoacán de Ocampo,202508,Entre 55 y 60 años,,278.8,127,124,3,0,12,12,0,0
8,Servicios para empresas,Morelos,202508,Entre 55 y 60 años,,278.8,25,24,1,0,2,2,0,0
8,Servicios para empresas,Nayarit,202508,Entre 55 y 60 años,278.8,278.8,243,237,6,0,48,47,1,0
8,Servicios para empresas,Nuevo León,202508,Entre 55 y 60 años,,278.8,173,167,6,0,29,29,0,0
8,Servicios para empresas,Oaxaca,202508,Entre 55 y 60 años,278.8,278.8,64,62,2,0,12,11,1,0
8,Servicios para empresas,Puebla,202508,Entre 55 y 60 años,,278.8,171,165,6,0,17,17,0,0
8,Servicios para empresas,Querétaro,202508,Entre 55 y 60 años,,278.8,163,160,3,0,22,22,0,0
8,Servicios para empresas,Quintana Roo,202508,Entre 55 y 60 años,278.8,278.8,9,7,2,0,2,1,1,0
8,Servicios para empresas,San Luis Potosí,202508,Entre 55 y 60 años,278.8,278.8,196,186,10,0,33,32,1,0
8,Servicios para empresas,Sinaloa,202508,Entre 55 y 60 años,278.8,278.8,270,254,16,0,30,29,1,0
8,Servicios para empresas,Sonora,202508,Entre 55 y 60 años,,278.8,246,227,19,0,38,38,0,0
8,Servicios para empresas,Tabasco,202508,Entre 55 y 60 años,,278.8,59,58,1,0,8,8,0,0
8,Servicios para empresas,Tamaulipas,202508,Entre 55 y 60 años,278.8,278.8,102,98,4,0,13,12,1,0
8,Servicios para empresas,Tlaxcala,202508,Entre 55 y 60 años,,,17,16,1,0,0,0,0,0
8,Servicios para empresas,Veracruz,202508,Entre 55 y 60 años,278.8,278.8,517,491,26,0,92,87,5,0
8,Servicios para empresas,Yucatán,202508,Entre 55 y 60 años,,278.8,325,304,21,0,46,46,0,0
8,Servicios para empresas,Zacatecas,202508,Entre 55 y 60 años,,278.8,56,54,2,0,8,8,0,0
8,Servicios para empresas,Aguascalientes,202508,Entre 60 y 65 años,,278.8,40,40,0,0,8,8,0,0
8,Servicios para empresas,Baja California,202508,Entre 60 y 65 años,,278.8,41,40,1,0,5,5,0,0
8,Servicios para empresas,Baja California Sur,202508,Entre 60 y 65 años,,278.8,15,15,0,0,3,3,0,0
8,Servicios para empresas,Campeche,202508,Entre 60 y 65 años,,278.8,28,28,0,0,4,4,0,0
8,Servicios para empresas,Chiapas,202508,Entre 60 y 65 años,,278.8,23,23,0,0,6,6,0,0
8,Servicios para empresas,Chihuahua,202508,Entre 60 y 65 años,,278.8,90,88,2,0,11,11,0,0
8,Servicios para empresas,Ciudad de México,202508,Entre 60 y 65 años,278.8,278.8,777,757,20,0,87,86,1,0
8,Servicios para empresas,Coahuila de Zaragoza,202508,Entre 60 y 65 años,278.8,278.8,193,186,7,0,42,41,1,0
8,Servicios para empresas,Colima,202508,Entre 60 y 65 años,,,4,4,0,0,0,0,0,0
8,Servicios para empresas,Durango,202508,Entre 60 y 65 años,,278.8,21,21,0,0,2,2,0,0
8,Servicios para empresas,Extranjero/Extranjera,202508,Entre 60 y 65 años,,,15,15,0,0,0,0,0,0
8,Servicios para empresas,Guanajuato,202508,Entre 60 y 65 años,278.8,278.8,143,141,2,0,27,26,1,0
8,Servicios para empresas,Guerrero,202508,Entre 60 y 65 años,,278.8,37,34,3,0,5,5,0,0
8,Servicios para empresas,Hidalgo,202508,Entre 60 y 65 años,,278.8,27,27,0,0,3,3,0,0
8,Servicios para empresas,Jalisco,202508,Entre 60 y 65 años,,278.8,215,212,3,0,27,27,0,0
8,Servicios para empresas,México,202508,Entre 60 y 65 años,,278.8,65,64,1,0,7,7,0,0
8,Servicios para empresas,Michoacán de Ocampo,202508,Entre 60 y 65 años,,278.8,64,63,1,0,10,10,0,0
8,Servicios para empresas,Morelos,202508,Entre 60 y 65 años,,,16,16,0,0,0,0,0,0
8,Servicios para empresas,Nayarit,202508,Entre 60 y 65 años,278.8,278.8,131,125,6,0,15,14,1,0
8,Servicios para empresas,Nuevo León,202508,Entre 60 y 65 años,,278.8,97,96,1,0,16,16,0,0
8,Servicios para empresas,Oaxaca,202508,Entre 60 y 65 años,,278.8,39,38,1,0,7,7,0,0
8,Servicios para empresas,Puebla,202508,Entre 60 y 65 años,,278.8,96,95,1,0,7,7,0,0
8,Servicios para empresas,Querétaro,202508,Entre 60 y 65 años,,278.8,52,50,2,0,10,10,0,0
8,Servicios para empresas,Quintana Roo,202508,Entre 60 y 65 años,,278.8,5,4,1,0,2,2,0,0
8,Servicios para empresas,San Luis Potosí,202508,Entre 60 y 65 años,,278.8,94,92,2,0,14,14,0,0
8,Servicios para empresas,Sinaloa,202508,Entre 60 y 65 años,,278.8,127,120,7,0,21,21,0,0
8,Servicios para empresas,Sonora,202508,Entre 60 y 65 años,,278.8,125,122,3,0,19,19,0,0
8,Servicios para empresas,Tabasco,202508,Entre 60 y 65 años,278.8,278.8,19,17,2,0,4,3,1,0
8,Servicios para empresas,Tamaulipas,202508,Entre 60 y 65 años,,278.8,70,69,1,0,5,5,0,0
8,Servicios para empresas,Tlaxcala,202508,Entre 60 y 65 años,,278.8,12,12,0,0,1,1,0,0
8,Servicios para empresas,Veracruz,202508,Entre 60 y 65 años,,278.8,284,275,9,0,39,39,0,0
8,Servicios para empresas,Yucatán,202508,Entre 60 y 65 años,,278.8,172,165,7,0,20,20,0,0
8,Servicios para empresas,Zacatecas,202508,Entre 60 y 65 años,,278.8,40,39,1,0,7,7,0,0
8,Servicios para empresas,Aguascalientes,202508,Entre 65 y 70 años,,,19,19,0,0,0,0,0,0
8,Servicios para empresas,Baja California,202508,Entre 65 y 70 años,,,7,6,1,0,0,0,0,0
8,Servicios para empresas,Baja California Sur,202508,Entre 65 y 70 años,,,3,3,0,0,0,0,0,0
8,Servicios para empresas,Campeche,202508,Entre 65 y 70 años,,,10,10,0,0,0,0,0,0
8,Servicios para empresas,Chiapas,202508,Entre 65 y 70 años,,,3,3,0,0,0,0,0,0
8,Servicios para empresas,Chihuahua,202508,Entre 65 y 70 años,,278.8,35,35,0,0,5,5,0,0
8,Servicios para empresas,Ciudad de México,202508,Entre 65 y 70 años,,278.8,296,289,7,0,31,31,0,0
8,Servicios para empresas,Coahuila de Zaragoza,202508,Entre 65 y 70 años,278.8,278.8,45,44,1,0,12,11,1,0
8,Servicios para empresas,Colima,202508,Entre 65 y 70 años,,,3,3,0,0,0,0,0,0
8,Servicios para empresas,Durango,202508,Entre 65 y 70 años,,278.8,12,12,0,0,2,2,0,0
8,Servicios para empresas,Extranjero/Extranjera,202508,Entre 65 y 70 años,,,9,8,1,0,0,0,0,0
8,Servicios para empresas,Guanajuato,202508,Entre 65 y 70 años,,278.8,57,57,0,0,5,5,0,0
8,Servicios para empresas,Guerrero,202508,Entre 65 y 70 años,,278.8,12,12,0,0,2,2,0,0
8,Servicios para empresas,Hidalgo,202508,Entre 65 y 70 años,,,10,10,0,0,0,0,0,0
8,Servicios para empresas,Jalisco,202508,Entre 65 y 70 años,,278.8,70,69,1,0,5,5,0,0
8,Servicios para empresas,México,202508,Entre 65 y 70 años,,278.8,24,23,1,0,2,2,0,0
8,Servicios para empresas,Michoacán de Ocampo,202508,Entre 65 y 70 años,,278.8,16,15,1,0,1,1,0,0
8,Servicios para empresas,Morelos,202508,Entre 65 y 70 años,,,3,2,1,0,0,0,0,0
8,Servicios para empresas,Nayarit,202508,Entre 65 y 70 años,,278.8,56,55,1,0,6,6,0,0
8,Servicios para empresas,Nuevo León,202508,Entre 65 y 70 años,,278.8,23,23,0,0,1,1,0,0
8,Servicios para empresas,Oaxaca,202508,Entre 65 y 70 años,,278.8,19,18,1,0,4,4,0,0
8,Servicios para empresas,Puebla,202508,Entre 65 y 70 años,,278.8,30,30,0,0,3,3,0,0
8,Servicios para empresas,Querétaro,202508,Entre 65 y 70 años,,278.8,21,21,0,0,1,1,0,0
8,Servicios para empresas,Quintana Roo,202508,Entre 65 y 70 años,,,1,1,0,0,0,0,0,0
8,Servicios para empresas,San Luis Potosí,202508,Entre 65 y 70 años,,278.8,29,29,0,0,9,9,0,0
8,Servicios para empresas,Sinaloa,202508,Entre 65 y 70 años,,278.8,35,34,1,0,4,4,0,0
8,Servicios para empresas,Sonora,202508,Entre 65 y 70 años,,278.8,34,33,1,0,2,2,0,0
8,Servicios para empresas,Tabasco,202508,Entre 65 y 70 años,,,5,5,0,0,0,0,0,0
8,Servicios para empresas,Tamaulipas,202508,Entre 65 y 70 años,,278.8,15,15,0,0,3,3,0,0
8,Servicios para empresas,Tlaxcala,202508,Entre 65 y 70 años,,,1,1,0,0,0,0,0,0
8,Servicios para empresas,Veracruz,202508,Entre 65 y 70 años,,278.8,99,96,3,0,6,6,0,0
8,Servicios para empresas,Yucatán,202508,Entre 65 y 70 años,,278.8,46,45,1,0,8,8,0,0
8,Servicios para empresas,Zacatecas,202508,Entre 65 y 70 años,,278.8,9,9,0,0,1,1,0,0
8,Servicios para empresas,Aguascalientes,202508,Entre 70 y 75 años,,,5,5,0,0,0,0,0,0
8,Servicios para empresas,Baja California,202508,Entre 70 y 75 años,,,3,3,0,0,0,0,0,0
8,Servicios para empresas,Campeche,202508,Entre 70 y 75 años,,,3,2,1,0,0,0,0,0
8,Servicios para empresas,Chiapas,202508,Entre 70 y 75 años,,278.8,4,4,0,0,1,1,0,0
8,Servicios para empresas,Chihuahua,202508,Entre 70 y 75 años,,,2,2,0,0,0,0,0,0
8,Servicios para empresas,Ciudad de México,202508,Entre 70 y 75 años,,278.8,77,75,2,0,5,5,0,0
8,Servicios para empresas,Coahuila de Zaragoza,202508,Entre 70 y 75 años,,278.8,9,9,0,0,2,2,0,0
8,Servicios para empresas,Colima,202508,Entre 70 y 75 años,,,3,3,0,0,0,0,0,0
8,Servicios para empresas,Guanajuato,202508,Entre 70 y 75 años,,278.8,11,11,0,0,1,1,0,0
8,Servicios para empresas,Guerrero,202508,Entre 70 y 75 años,,,1,1,0,0,0,0,0,0
8,Servicios para empresas,Hidalgo,202508,Entre 70 y 75 años,,278.8,2,2,0,0,1,1,0,0
8,Servicios para empresas,Jalisco,202508,Entre 70 y 75 años,,278.8,18,18,0,0,1,1,0,0
8,Servicios para empresas,México,202508,Entre 70 y 75 años,,,6,6,0,0,0,0,0,0
8,Servicios para empresas,Michoacán de Ocampo,202508,Entre 70 y 75 años,,,12,12,0,0,0,0,0,0
8,Servicios para empresas,Morelos,202508,Entre 70 y 75 años,,,1,1,0,0,0,0,0,0
8,Servicios para empresas,Nayarit,202508,Entre 70 y 75 años,,278.8,9,9,0,0,1,1,0,0
8,Servicios para empresas,Nuevo León,202508,Entre 70 y 75 años,,,2,2,0,0,0,0,0,0
8,Servicios para empresas,Oaxaca,202508,Entre 70 y 75 años,,,3,3,0,0,0,0,0,0
8,Servicios para empresas,Puebla,202508,Entre 70 y 75 años,,278.8,9,9,0,0,1,1,0,0
8,Servicios para empresas,Querétaro,202508,Entre 70 y 75 años,,,1,1,0,0,0,0,0,0
8,Servicios para empresas,San Luis Potosí,202508,Entre 70 y 75 años,,278.8,8,8,0,0,2,2,0,0
8,Servicios para empresas,Sinaloa,202508,Entre 70 y 75 años,,278.8,8,8,0,0,1,1,0,0
8,Servicios para empresas,Sonora,202508,Entre 70 y 75 años,278.8,278.8,11,10,1,0,2,1,1,0
8,Servicios para empresas,Tabasco,202508,Entre 70 y 75 años,,,1,1,0,0,0,0,0,0
8,Servicios para empresas,Tamaulipas,202508,Entre 70 y 75 años,,,4,4,0,0,0,0,0,0
8,Servicios para empresas,Tlaxcala,202508,Entre 70 y 75 años,,,1,1,0,0,0,0,0,0
8,Servicios para empresas,Veracruz,202508,Entre 70 y 75 años,,278.8,23,23,0,0,1,1,0,0
8,Servicios para empresas,Yucatán,202508,Entre 70 y 75 años,,278.8,10,10,0,0,1,1,0,0
8,Servicios para empresas,Zacatecas,202508,Entre 70 y 75 años,,,1,1,0,0,0,0,0,0
7,Transportes y comunicaciones,Aguascalientes,202508,75 años y más,,378.335454545,324,303,21,0,11,11,0,0
7,Transportes y comunicaciones,Baja California,202508,75 años y más,320.78,388.878809524,551,495,56,0,43,42,1,0
7,Transportes y comunicaciones,Baja California Sur,202508,75 años y más,,380.9225,169,155,14,0,8,8,0,0
7,Transportes y comunicaciones,Campeche,202508,75 años y más,,293.09,194,181,13,0,1,1,0,0
7,Transportes y comunicaciones,Chiapas,202508,75 años y más,295.75,378.4775,672,618,54,0,9,8,1,0
7,Transportes y comunicaciones,Chihuahua,202508,75 años y más,295.13,349.76,633,541,92,0,26,25,1,0
7,Transportes y comunicaciones,Ciudad de México,202508,75 años y más,303.191818182,340.084846154,5891,5184,707,0,141,130,11,0
7,Transportes y comunicaciones,Coahuila de Zaragoza,202508,75 años y más,,377.736666667,430,380,50,0,9,9,0,0
7,Transportes y comunicaciones,Colima,202508,75 años y más,,354.695,230,209,21,0,4,4,0,0
7,Transportes y comunicaciones,Durango,202508,75 años y más,,392.296666667,401,356,45,0,6,6,0,0
7,Transportes y comunicaciones,Extranjero/Extranjera,202508,75 años y más,,,240,213,27,0,0,0,0,0
7,Transportes y comunicaciones,Guanajuato,202508,75 años y más,292.54,339.417222222,1033,953,80,0,20,18,2,0
7,Transportes y comunicaciones,Guerrero,202508,75 años y más,308.57,376.955555556,372,338,34,0,10,9,1,0
7,Transportes y comunicaciones,Hidalgo,202508,75 años y más,,403.795,230,207,23,0,6,6,0,0
7,Transportes y comunicaciones,Jalisco,202508,75 años y más,326.68,365.398414634,2406,2199,207,0,87,82,5,0
7,Transportes y comunicaciones,México,202508,75 años y más,313.872,334.053838384,5073,4580,493,0,104,99,5,0
7,Transportes y comunicaciones,Michoacán de Ocampo,202508,75 años y más,292.54,353.729230769,598,561,37,0,14,13,1,0
7,Transportes y comunicaciones,Morelos,202508,75 años y más,424.6,394.531428571,649,586,63,0,8,7,1,0
7,Transportes y comunicaciones,Nayarit,202508,75 años y más,,349.096,191,172,19,0,5,5,0,0
7,Transportes y comunicaciones,Nuevo León,202508,75 años y más,342.255,371.566666667,840,736,104,0,49,45,4,0
7,Transportes y comunicaciones,Oaxaca,202508,75 años y más,,373.365416667,395,367,28,0,24,24,0,0
7,Transportes y comunicaciones,Puebla,202508,75 años y más,342.726666667,363.523448276,1074,997,77,0,32,29,3,0
7,Transportes y comunicaciones,Querétaro,202508,75 años y más,,356.464285714,328,297,31,0,7,7,0,0
7,Transportes y comunicaciones,Quintana Roo,202508,75 años y más,,367.399411765,568,512,56,0,17,17,0,0
7,Transportes y comunicaciones,San Luis Potosí,202508,75 años y más,,378.730909091,452,415,37,0,11,11,0,0
7,Transportes y comunicaciones,Sinaloa,202508,75 años y más,,347.879090909,715,656,59,0,11,11,0,0
7,Transportes y comunicaciones,Sonora,202508,75 años y más,302.08,354.392777778,492,424,68,0,20,18,2,0
7,Transportes y comunicaciones,Tabasco,202508,75 años y más,,376.43,421,385,36,0,8,8,0,0
7,Transportes y comunicaciones,Tamaulipas,202508,75 años y más,,354.665384615,652,583,69,0,26,26,0,0
7,Transportes y comunicaciones,Tlaxcala,202508,75 años y más,,340.07,182,174,8,0,1,1,0,0
7,Transportes y comunicaciones,Veracruz,202508,75 años y más,465.83,337.440588235,816,731,85,0,18,17,1,0
7,Transportes y comunicaciones,Yucatán,202508,75 años y más,,354.768461538,481,441,40,0,13,13,0,0
7,Transportes y comunicaciones,Zacatecas,202508,75 años y más,,363.8025,204,196,8,0,4,4,0,0
7,Transportes y comunicaciones,Aguascalientes,202508,Entre 15 y 20 años,292.54,362.7925,308,284,24,0,6,4,2,0
7,Transportes y comunicaciones,Baja California,202508,Entre 15 y 20 años,318.02,388.065675676,601,545,56,0,38,37,1,0
7,Transportes y comunicaciones,Baja California Sur,202508,Entre 15 y 20 años,292.54,402.405,112,102,10,0,7,6,1,0
7,Transportes y comunicaciones,Campeche,202508,Entre 15 y 20 años,292.54,,98,88,10,0,2,0,2,0
7,Transportes y comunicaciones,Chiapas,202508,Entre 15 y 20 años,,378.657272727,346,324,22,0,11,11,0,0
7,Transportes y comunicaciones,Chihuahua,202508,Entre 15 y 20 años,479.63,356.072580645,1005,896,109,0,32,31,1,0
7,Transportes y comunicaciones,Ciudad de México,202508,Entre 15 y 20 años,292.54,313.335813953,2470,2245,225,0,44,43,1,0
7,Transportes y comunicaciones,Coahuila de Zaragoza,202508,Entre 15 y 20 años,,390.8125,576,518,58,0,16,16,0,0
7,Transportes y comunicaciones,Colima,202508,Entre 15 y 20 años,307.36,344.535,230,204,26,0,9,8,1,0
7,Transportes y comunicaciones,Durango,202508,Entre 15 y 20 años,,332.92,343,319,24,0,11,11,0,0
7,Transportes y comunicaciones,Extranjero/Extranjera,202508,Entre 15 y 20 años,,,97,85,12,0,0,0,0,0
7,Transportes y comunicaciones,Guanajuato,202508,Entre 15 y 20 años,292.54,343.429565217,954,889,65,0,24,23,1,0
7,Transportes y comunicaciones,Guerrero,202508,Entre 15 y 20 años,,333.373333333,203,191,12,0,9,9,0,0
7,Transportes y comunicaciones,Hidalgo,202508,Entre 15 y 20 años,,397.42,117,112,5,0,6,6,0,0
7,Transportes y comunicaciones,Jalisco,202508,Entre 15 y 20 años,292.54,381.569365079,1900,1748,152,0,66,63,3,0
7,Transportes y comunicaciones,México,202508,Entre 15 y 20 años,332.165,326.399230769,2456,2283,173,0,28,26,2,0
7,Transportes y comunicaciones,Michoacán de Ocampo,202508,Entre 15 y 20 años,,343.706666667,313,289,24,0,9,9,0,0
7,Transportes y comunicaciones,Morelos,202508,Entre 15 y 20 años,340.34,411.928,323,303,20,0,6,5,1,0
7,Transportes y comunicaciones,Nayarit,202508,Entre 15 y 20 años,,457.825,108,101,7,0,2,2,0,0
7,Transportes y comunicaciones,Nuevo León,202508,Entre 15 y 20 años,412.61,401.180119048,1781,1638,143,0,88,84,4,0
7,Transportes y comunicaciones,Oaxaca,202508,Entre 15 y 20 años,311.28,351.164,187,169,18,0,6,5,1,0
7,Transportes y comunicaciones,Puebla,202508,Entre 15 y 20 años,292.54,346.389166667,459,424,35,0,13,12,1,0
7,Transportes y comunicaciones,Querétaro,202508,Entre 15 y 20 años,,348.332,333,304,29,0,5,5,0,0
7,Transportes y comunicaciones,Quintana Roo,202508,Entre 15 y 20 años,,361.238571429,415,382,33,0,7,7,0,0
7,Transportes y comunicaciones,San Luis Potosí,202508,Entre 15 y 20 años,298.29,361.357777778,477,438,39,0,20,18,2,0
7,Transportes y comunicaciones,Sinaloa,202508,Entre 15 y 20 años,301.93,397.02125,664,617,47,0,17,16,1,0
7,Transportes y comunicaciones,Sonora,202508,Entre 15 y 20 años,,325.476,438,407,31,0,10,10,0,0
7,Transportes y comunicaciones,Tabasco,202508,Entre 15 y 20 años,,368.595,281,260,21,0,6,6,0,0
7,Transportes y comunicaciones,Tamaulipas,202508,Entre 15 y 20 años,,379.627727273,529,489,40,0,22,22,0,0
7,Transportes y comunicaciones,Tlaxcala,202508,Entre 15 y 20 años,,347.17,60,60,0,0,2,2,0,0
7,Transportes y comunicaciones,Veracruz,202508,Entre 15 y 20 años,522.17,374.503928571,652,585,67,0,30,28,2,0
7,Transportes y comunicaciones,Yucatán,202508,Entre 15 y 20 años,,310.525555556,258,235,23,0,9,9,0,0
7,Transportes y comunicaciones,Zacatecas,202508,Entre 15 y 20 años,,394.835,148,148,0,0,4,4,0,0
7,Transportes y comunicaciones,Aguascalientes,202508,Entre 20 y 25 años,292.54,363.022133333,2014,1831,183,0,76,75,1,0
7,Transportes y comunicaciones,Baja California,202508,Entre 20 y 25 años,404.444545455,401.5475,4811,4376,435,0,494,472,22,0
7,Transportes y comunicaciones,Baja California Sur,202508,Entre 20 y 25 años,363.06,358.4265,871,792,79,0,61,60,1,0
7,Transportes y comunicaciones,Campeche,202508,Entre 20 y 25 años,292.54,372.1896,1117,1026,91,0,26,25,1,0
7,Transportes y comunicaciones,Chiapas,202508,Entre 20 y 25 años,495.7,398.727454545,4288,3992,296,0,173,165,8,0
7,Transportes y comunicaciones,Chihuahua,202508,Entre 20 y 25 años,353.46,378.723689024,6505,5488,1017,0,343,328,15,0
7,Transportes y comunicaciones,Coahuila de Zaragoza,202508,Entre 20 y 25 años,428.086666667,372.027751479,3824,3402,422,0,178,169,9,0
7,Transportes y comunicaciones,Colima,202508,Entre 20 y 25 años,335.19,330.610357143,1417,1297,120,0,29,28,1,0
7,Transportes y comunicaciones,Durango,202508,Entre 20 y 25 años,580.195,359.544684685,2855,2619,236,0,113,111,2,0
7,Transportes y comunicaciones,Extranjero/Extranjera,202508,Entre 20 y 25 años,,,853,755,98,0,0,0,0,0
7,Transportes y comunicaciones,Guanajuato,202508,Entre 20 y 25 años,315.295714286,358.628203125,7048,6556,492,0,263,256,7,0
7,Transportes y comunicaciones,Guerrero,202508,Entre 20 y 25 años,309.06,385.685932203,2386,2160,226,0,120,118,2,0
7,Transportes y comunicaciones,Hidalgo,202508,Entre 20 y 25 años,426.05,403.446470588,1326,1205,121,0,69,68,1,0
7,Transportes y comunicaciones,Jalisco,202508,Entre 20 y 25 años,338.820909091,370.953030999,15174,13837,1337,0,904,871,33,0
7,Transportes y comunicaciones,México,202508,Entre 20 y 25 años,315.744313725,348.534622905,25986,23819,2167,0,767,716,51,0
7,Transportes y comunicaciones,Michoacán de Ocampo,202508,Entre 20 y 25 años,326.206,367.630485437,3099,2878,221,0,108,103,5,0
7,Transportes y comunicaciones,Morelos,202508,Entre 20 y 25 años,361.6775,342.364050633,3050,2778,272,0,83,79,4,0
7,Transportes y comunicaciones,Nayarit,202508,Entre 20 y 25 años,454.38,351.017837838,1100,991,109,0,38,37,1,0
7,Transportes y comunicaciones,Nuevo León,202508,Entre 20 y 25 años,404.095609756,404.418487849,10666,9555,1111,0,1152,1111,41,0
7,Transportes y comunicaciones,Oaxaca,202508,Entre 20 y 25 años,357.665714286,380.355833333,2534,2306,228,0,103,96,7,0
7,Transportes y comunicaciones,Puebla,202508,Entre 20 y 25 años,378.88,363.295782609,6062,5612,450,0,239,230,9,0
7,Transportes y comunicaciones,Querétaro,202508,Entre 20 y 25 años,341.863333333,352.115154639,2416,2266,150,0,100,97,3,0
7,Transportes y comunicaciones,Quintana Roo,202508,Entre 20 y 25 años,310.884,349.030945946,2974,2662,312,0,79,74,5,0
7,Transportes y comunicaciones,San Luis Potosí,202508,Entre 20 y 25 años,312.361111111,383.747088608,3232,2909,323,0,167,158,9,0
7,Transportes y comunicaciones,Sinaloa,202508,Entre 20 y 25 años,384.293,374.768953069,5264,4828,436,0,287,277,10,0
7,Transportes y comunicaciones,Sonora,202508,Entre 20 y 25 años,342.203,372.118279570,3696,3305,391,0,196,186,10,0
7,Transportes y comunicaciones,Tabasco,202508,Entre 20 y 25 años,337.795,386.895,3133,2882,251,0,118,114,4,0
7,Transportes y comunicaciones,Tamaulipas,202508,Entre 20 y 25 años,367.747391304,385.689554974,5230,4663,567,0,405,382,23,0
7,Transportes y comunicaciones,Tlaxcala,202508,Entre 20 y 25 años,,367.474210526,1054,998,56,0,19,19,0,0
7,Transportes y comunicaciones,Veracruz,202508,Entre 20 y 25 años,366.939285714,392.253553459,6895,6242,653,0,332,318,14,0
7,Transportes y comunicaciones,Yucatán,202508,Entre 20 y 25 años,322.566,360.444701493,3451,3151,300,0,139,134,5,0
7,Transportes y comunicaciones,Zacatecas,202508,Entre 20 y 25 años,339.205,377.616206897,1194,1116,78,0,60,58,2,0
7,Transportes y comunicaciones,Aguascalientes,202508,Entre 25 y 30 años,387.936666667,370.919821429,2129,1942,187,0,118,112,6,0
7,Transportes y comunicaciones,Baja California,202508,Entre 25 y 30 años,394.421875,404.801407035,5056,4454,602,0,629,597,32,0
7,Transportes y comunicaciones,Baja California Sur,202508,Entre 25 y 30 años,404.705714286,393.063484848,848,728,120,0,73,66,7,0
7,Transportes y comunicaciones,Campeche,202508,Entre 25 y 30 años,336.5425,390.291538462,1400,1242,158,0,56,52,4,0
7,Transportes y comunicaciones,Chiapas,202508,Entre 25 y 30 años,392.846470588,400.663342541,5647,5203,444,0,379,362,17,0
7,Transportes y comunicaciones,Chihuahua,202508,Entre 25 y 30 años,381.974347826,392.845523810,6765,5536,1229,0,571,525,46,0
7,Transportes y comunicaciones,Ciudad de México,202508,Entre 25 y 30 años,325.144806202,364.158091639,39139,35126,4013,0,2246,2117,129,0
7,Transportes y comunicaciones,Coahuila de Zaragoza,202508,Entre 25 y 30 años,346.86,380.258842444,4393,3891,502,0,331,311,20,0
7,Transportes y comunicaciones,Colima,202508,Entre 25 y 30 años,331.6425,367.914166667,1376,1221,155,0,64,60,4,0
7,Transportes y comunicaciones,Durango,202508,Entre 25 y 30 años,370.467142857,385.060925926,2982,2692,290,0,169,162,7,0
7,Transportes y comunicaciones,Extranjero/Extranjera,202508,Entre 25 y 30 años,,,1002,901,101,0,0,0,0,0
7,Transportes y comunicaciones,Guanajuato,202508,Entre 25 y 30 años,323.783478261,363.007277108,7502,6874,628,0,438,415,23,0
7,Transportes y comunicaciones,Guerrero,202508,Entre 25 y 30 años,419.344705882,403.747128205,2975,2667,308,0,212,195,17,0
7,Transportes y comunicaciones,Hidalgo,202508,Entre 25 y 30 años,353.513333333,423.36546875,1658,1514,144,0,131,128,3,0
7,Transportes y comunicaciones,Jalisco,202508,Entre 25 y 30 años,366.477758621,383.542282158,16425,14944,1481,0,1504,1446,58,0
7,Transportes y comunicaciones,México,202508,Entre 25 y 30 años,336.048474576,365.852560160,28588,26259,2329,0,1555,1496,59,0
7,Transportes y comunicaciones,Michoacán de Ocampo,202508,Entre 25 y 30 años,359.722,375.876861702,3773,3461,312,0,198,188,10,0
7,Transportes y comunicaciones,Morelos,202508,Entre 25 y 30 años,344.898333333,358.195447154,3275,2964,311,0,129,123,6,0
7,Transportes y comunicaciones,Nayarit,202508,Entre 25 y 30 años,358.508,382.440153846,1187,1080,107,0,70,65,5,0
7,Transportes y comunicaciones,Nuevo León,202508,Entre 25 y 30 años,364.073529412,419.046792250,13165,11670,1495,0,1960,1858,102,0
7,Transportes y comunicaciones,Oaxaca,202508,Entre 25 y 30 años,326.254615385,401.747622642,3259,2946,313,0,278,265,13,0
7,Transportes y comunicaciones,Puebla,202508,Entre 25 y 30 años,363.32125,379.314884135,7687,7101,586,0,577,561,16,0
7,Transportes y comunicaciones,Querétaro,202508,Entre 25 y 30 años,352.745555556,377.927237569,2758,2479,279,0,190,181,9,0
7,Transportes y comunicaciones,Quintana Roo,202508,Entre 25 y 30 años,350.421428571,369.627753623,2787,2436,351,0,145,138,7,0
7,Transportes y comunicaciones,San Luis Potosí,202508,Entre 25 y 30 años,375.87,410.005201342,3547,3156,391,0,314,298,16,0
7,Transportes y comunicaciones,Sinaloa,202508,Entre 25 y 30 años,358.370476190,390.986742597,6078,5529,549,0,460,439,21,0
7,Transportes y comunicaciones,Sonora,202508,Entre 25 y 30 años,360.499090909,377.639608434,4343,3822,521,0,354,332,22,0
7,Transportes y comunicaciones,Tabasco,202508,Entre 25 y 30 años,441.036,386.926463415,4031,3661,370,0,251,246,5,0
7,Transportes y comunicaciones,Tamaulipas,202508,Entre 25 y 30 años,393.365,397.196100520,5971,5284,687,0,607,577,30,0
7,Transportes y comunicaciones,Tlaxcala,202508,Entre 25 y 30 años,316.59,373.392830189,1345,1273,72,0,56,53,3,0
7,Transportes y comunicaciones,Veracruz,202508,Entre 25 y 30 años,390.0105,406.157135207,9462,8542,920,0,787,747,40,0
7,Transportes y comunicaciones,Yucatán,202508,Entre 25 y 30 años,322.174285714,383.111685393,4582,4123,459,0,281,267,14,0
7,Transportes y comunicaciones,Zacatecas,202508,Entre 25 y 30 años,361.35,395.044891304,1412,1309,103,0,97,92,5,0
7,Transportes y comunicaciones,Aguascalientes,202508,Entre 30 y 35 años,399.314,388.603548387,1816,1625,191,0,160,155,5,0
7,Transportes y comunicaciones,Baja California,202508,Entre 30 y 35 años,370.007446809,410.653351159,4193,3591,602,0,608,561,47,0
7,Transportes y comunicaciones,Baja California Sur,202508,Entre 30 y 35 años,320.871666667,364.483170732,692,574,118,0,88,82,6,0
7,Transportes y comunicaciones,Campeche,202508,Entre 30 y 35 años,384.81,396.423797468,1309,1168,141,0,82,79,3,0
7,Transportes y comunicaciones,Chiapas,202508,Entre 30 y 35 años,348.648666667,397.620049020,4607,4232,375,0,423,408,15,0
7,Transportes y comunicaciones,Chihuahua,202508,Entre 30 y 35 años,362.571071429,402.915060423,6179,5015,1164,0,746,662,84,0
7,Transportes y comunicaciones,Ciudad de México,202508,Entre 30 y 35 años,341.160793651,371.664683744,40010,35835,4175,0,3351,3162,189,0
7,Transportes y comunicaciones,Coahuila de Zaragoza,202508,Entre 30 y 35 años,356.5015,407.951778351,4227,3685,542,0,408,388,20,0
7,Transportes y comunicaciones,Colima,202508,Entre 30 y 35 años,307.31,367.657096774,1101,955,146,0,63,62,1,0
7,Transportes y comunicaciones,Durango,202508,Entre 30 y 35 años,368.690833333,409.150360825,2744,2418,326,0,206,194,12,0
7,Transportes y comunicaciones,Extranjero/Extranjera,202508,Entre 30 y 35 años,,,1173,1042,131,0,0,0,0,0
7,Transportes y comunicaciones,Guanajuato,202508,Entre 30 y 35 años,348.266333333,375.122230088,6370,5800,570,0,595,565,30,0
7,Transportes y comunicaciones,Guerrero,202508,Entre 30 y 35 años,365.964210526,400.004942966,2535,2270,265,0,282,263,19,0
7,Transportes y comunicaciones,Hidalgo,202508,Entre 30 y 35 años,394.726470588,417.389882353,1629,1461,168,0,187,170,17,0
7,Transportes y comunicaciones,Jalisco,202508,Entre 30 y 35 años,355.365925926,391.597227841,14522,13115,1407,0,1789,1681,108,0
7,Transportes y comunicaciones,México,202508,Entre 30 y 35 años,331.259305556,374.317539503,23207,21321,1886,0,1844,1772,72,0
7,Transportes y comunicaciones,Michoacán de Ocampo,202508,Entre 30 y 35 años,366.903529412,385.140223881,3573,3248,325,0,285,268,17,0
7,Transportes y comunicaciones,Morelos,202508,Entre 30 y 35 años,332.537777778,373.296285714,2590,2336,254,0,149,140,9,0
7,Transportes y comunicaciones,Nayarit,202508,Entre 30 y 35 años,314.5875,403.140865385,1067,963,104,0,108,104,4,0
7,Transportes y comunicaciones,Nuevo León,202508,Entre 30 y 35 años,389.271521739,428.885906128,13211,11632,1579,0,2439,2301,138,0
7,Transportes y comunicaciones,Oaxaca,202508,Entre 30 y 35 años,375.656666667,397.121148148,2756,2497,259,0,291,270,21,0
7,Transportes y comunicaciones,Puebla,202508,Entre 30 y 35 años,346.915454545,383.253008264,6928,6373,555,0,638,605,33,0
7,Transportes y comunicaciones,Querétaro,202508,Entre 30 y 35 años,360.98,382.756268657,2284,2056,228,0,215,201,14,0
7,Transportes y comunicaciones,Quintana Roo,202508,Entre 30 y 35 años,366.287777778,379.121702128,2147,1851,296,0,150,141,9,0
7,Transportes y comunicaciones,San Luis Potosí,202508,Entre 30 y 35 años,385.387894737,404.146299213,3265,2901,364,0,400,381,19,0
7,Transportes y comunicaciones,Sinaloa,202508,Entre 30 y 35 años,381.512580645,410.652540650,5538,4901,637,0,523,492,31,0
7,Transportes y comunicaciones,Sonora,202508,Entre 30 y 35 años,357.13125,394.334751958,3897,3356,541,0,407,383,24,0
7,Transportes y comunicaciones,Tabasco,202508,Entre 30 y 35 años,365.576842105,396.095277778,3693,3340,353,0,307,288,19,0
7,Transportes y comunicaciones,Tamaulipas,202508,Entre 30 y 35 años,387.917659574,412.789864048,5422,4720,702,0,709,662,47,0
7,Transportes y comunicaciones,Tlaxcala,202508,Entre 30 y 35 años,412.606666667,388.904,1139,1073,66,0,53,50,3,0
7,Transportes y comunicaciones,Veracruz,202508,Entre 30 y 35 años,384.677719298,412.542900433,9222,8213,1009,0,981,924,57,0
7,Transportes y comunicaciones,Yucatán,202508,Entre 30 y 35 años,362.175161290,382.927076923,4462,3975,487,0,356,325,31,0
7,Transportes y comunicaciones,Zacatecas,202508,Entre 30 y 35 años,397.3,382.451504425,1124,993,131,0,119,113,6,0
7,Transportes y comunicaciones,Aguascalientes,202508,Entre 35 y 40 años,348.595714286,386.199534884,1357,1185,172,0,136,129,7,0
7,Transportes y comunicaciones,Baja California,202508,Entre 35 y 40 años,374.685405405,437.830928074,2639,2249,390,0,468,431,37,0
7,Transportes y comunicaciones,Baja California Sur,202508,Entre 35 y 40 años,361.666363636,380.605357143,502,414,88,0,67,56,11,0
7,Transportes y comunicaciones,Campeche,202508,Entre 35 y 40 años,430.44,404.729125,1051,927,124,0,83,80,3,0
7,Transportes y comunicaciones,Chiapas,202508,Entre 35 y 40 años,344.842857143,406.568945869,3335,3074,261,0,365,351,14,0
7,Transportes y comunicaciones,Chihuahua,202508,Entre 35 y 40 años,382.490943396,403.216581818,4393,3500,893,0,603,550,53,0
7,Transportes y comunicaciones,Ciudad de México,202508,Entre 35 y 40 años,339.104219409,380.144321675,35684,32268,3416,0,4011,3774,237,0
7,Transportes y comunicaciones,Coahuila de Zaragoza,202508,Entre 35 y 40 años,375.325517241,391.402184874,3284,2818,466,0,386,357,29,0
7,Transportes y comunicaciones,Colima,202508,Entre 35 y 40 años,394.13,394.618550725,838,726,112,0,73,69,4,0
7,Transportes y comunicaciones,Durango,202508,Entre 35 y 40 años,363.008125,396.567181208,1858,1631,227,0,165,149,16,0
7,Transportes y comunicaciones,Extranjero/Extranjera,202508,Entre 35 y 40 años,,,1008,897,111,0,0,0,0,0
7,Transportes y comunicaciones,Guanajuato,202508,Entre 35 y 40 años,339.317,383.236887661,4626,4189,437,0,573,543,30,0
7,Transportes y comunicaciones,Guerrero,202508,Entre 35 y 40 años,373.076363636,420.677282230,1923,1737,186,0,298,287,11,0
7,Transportes y comunicaciones,Hidalgo,202508,Entre 35 y 40 años,354.02,398.953873239,1110,1019,91,0,146,142,4,0
7,Transportes y comunicaciones,Jalisco,202508,Entre 35 y 40 años,371.121153846,399.889335605,11770,10459,1311,0,1865,1761,104,0
7,Transportes y comunicaciones,México,202508,Entre 35 y 40 años,342.123972603,379.907833669,14272,13136,1136,0,1564,1491,73,0
7,Transportes y comunicaciones,Michoacán de Ocampo,202508,Entre 35 y 40 años,343.364210526,400.777010309,2614,2333,281,0,310,291,19,0
7,Transportes y comunicaciones,Morelos,202508,Entre 35 y 40 años,371.473,384.656857143,1756,1585,171,0,150,140,10,0
7,Transportes y comunicaciones,Nayarit,202508,Entre 35 y 40 años,365.5,431.050267857,834,733,101,0,122,112,10,0
7,Transportes y comunicaciones,Nuevo León,202508,Entre 35 y 40 años,371.985443787,436.232693727,10662,9400,1262,0,2337,2168,169,0
7,Transportes y comunicaciones,Oaxaca,202508,Entre 35 y 40 años,384.020476190,402.484204082,1904,1700,204,0,266,245,21,0
7,Transportes y comunicaciones,Puebla,202508,Entre 35 y 40 años,342.839189189,385.608598131,5178,4740,438,0,679,642,37,0
7,Transportes y comunicaciones,Querétaro,202508,Entre 35 y 40 años,379.909,397.292542373,1609,1451,158,0,187,177,10,0
7,Transportes y comunicaciones,Quintana Roo,202508,Entre 35 y 40 años,359.717333333,398.316559140,1097,943,154,0,108,93,15,0
7,Transportes y comunicaciones,San Luis Potosí,202508,Entre 35 y 40 años,391.2492,419.191578947,2329,2036,293,0,329,304,25,0
7,Transportes y comunicaciones,Sinaloa,202508,Entre 35 y 40 años,366.13,394.564871795,4123,3662,461,0,551,507,44,0
7,Transportes y comunicaciones,Sonora,202508,Entre 35 y 40 años,352.174473684,395.528060109,3120,2622,498,0,404,366,38,0
7,Transportes y comunicaciones,Tabasco,202508,Entre 35 y 40 años,377.732222222,410.015759717,2754,2517,237,0,301,283,18,0
7,Transportes y comunicaciones,Tamaulipas,202508,Entre 35 y 40 años,417.048913043,406.040280374,4065,3547,518,0,581,535,46,0
7,Transportes y comunicaciones,Tlaxcala,202508,Entre 35 y 40 años,350.0425,408.723333333,902,842,60,0,61,57,4,0
7,Transportes y comunicaciones,Veracruz,202508,Entre 35 y 40 años,385.819245283,418.236482353,6975,6231,744,0,903,850,53,0
7,Transportes y comunicaciones,Yucatán,202508,Entre 35 y 40 años,370.548695652,393.355027027,3779,3380,399,0,393,370,23,0
7,Transportes y comunicaciones,Zacatecas,202508,Entre 35 y 40 años,393.016,403.295304348,989,883,106,0,125,115,10,0
7,Transportes y comunicaciones,Aguascalientes,202508,Entre 40 y 45 años,382.855,400.88375,859,767,92,0,130,120,10,0
7,Transportes y comunicaciones,Baja California,202508,Entre 40 y 45 años,416.642040816,426.029573864,1815,1526,289,0,401,352,49,0
7,Transportes y comunicaciones,Baja California Sur,202508,Entre 40 y 45 años,398.2125,376.785263158,329,272,57,0,42,38,4,0
7,Transportes y comunicaciones,Campeche,202508,Entre 40 y 45 años,309.96,406.481875,648,577,71,0,71,64,7,0
7,Transportes y comunicaciones,Chiapas,202508,Entre 40 y 45 años,385.9425,400.868582996,2095,1930,165,0,259,247,12,0
7,Transportes y comunicaciones,Chihuahua,202508,Entre 40 y 45 años,365.376363636,402.949766355,2931,2385,546,0,494,428,66,0
7,Transportes y comunicaciones,Ciudad de México,202508,Entre 40 y 45 años,336.742891566,390.731164937,31658,28840,2818,0,4584,4335,249,0
7,Transportes y comunicaciones,Coahuila de Zaragoza,202508,Entre 40 y 45 años,376.7036,409.002810458,2374,2061,313,0,331,306,25,0
7,Transportes y comunicaciones,Colima,202508,Entre 40 y 45 años,378.27125,399.090892857,613,513,100,0,64,56,8,0
7,Transportes y comunicaciones,Durango,202508,Entre 40 y 45 años,371.146428571,400.337985612,1295,1123,172,0,153,139,14,0
7,Transportes y comunicaciones,Extranjero/Extranjera,202508,Entre 40 y 45 años,,,705,622,83,0,0,0,0,0
7,Transportes y comunicaciones,Guanajuato,202508,Entre 40 y 45 años,351.470444444,394.269219409,3430,3111,319,0,519,474,45,0
7,Transportes y comunicaciones,Guerrero,202508,Entre 40 y 45 años,352.361538462,411.303565217,1317,1174,143,0,243,230,13,0
7,Transportes y comunicaciones,Hidalgo,202508,Entre 40 y 45 años,354.951428571,421.293032787,740,660,80,0,129,122,7,0
7,Transportes y comunicaciones,Jalisco,202508,Entre 40 y 45 años,358.692043011,404.921520619,8813,7881,932,0,1645,1552,93,0
7,Transportes y comunicaciones,México,202508,Entre 40 y 45 años,347.608571429,385.070515021,7305,6662,643,0,995,932,63,0
7,Transportes y comunicaciones,Michoacán de Ocampo,202508,Entre 40 y 45 años,345.865263158,415.876875,1780,1576,204,0,259,240,19,0
7,Transportes y comunicaciones,Morelos,202508,Entre 40 y 45 años,360.14,379.451190476,1208,1099,109,0,90,84,6,0
7,Transportes y comunicaciones,Nayarit,202508,Entre 40 y 45 años,376.984285714,425.029908257,633,551,82,0,116,109,7,0
7,Transportes y comunicaciones,Nuevo León,202508,Entre 40 y 45 años,398.643696970,449.322419355,8386,7345,1041,0,2149,1984,165,0
7,Transportes y comunicaciones,Oaxaca,202508,Entre 40 y 45 años,351.937692308,415.050306122,1400,1273,127,0,209,196,13,0
7,Transportes y comunicaciones,Puebla,202508,Entre 40 y 45 años,362.139375,392.589322638,3851,3521,330,0,593,561,32,0
7,Transportes y comunicaciones,Querétaro,202508,Entre 40 y 45 años,394.491428571,402.487290323,1181,1048,133,0,169,155,14,0
7,Transportes y comunicaciones,Quintana Roo,202508,Entre 40 y 45 años,403.316666667,385.515333333,570,500,70,0,63,60,3,0
7,Transportes y comunicaciones,San Luis Potosí,202508,Entre 40 y 45 años,375.540434783,427.941818182,1567,1386,181,0,298,275,23,0
7,Transportes y comunicaciones,Sinaloa,202508,Entre 40 y 45 años,355.574054054,413.633831776,3101,2720,381,0,465,428,37,0
7,Transportes y comunicaciones,Sonora,202508,Entre 40 y 45 años,355.189130435,400.917585139,2386,2015,371,0,369,323,46,0
7,Transportes y comunicaciones,Tabasco,202508,Entre 40 y 45 años,394.398181818,408.045361702,1941,1756,185,0,246,235,11,0
7,Transportes y comunicaciones,Tamaulipas,202508,Entre 40 y 45 años,367.906176471,412.001785714,2911,2527,384,0,454,420,34,0
7,Transportes y comunicaciones,Tlaxcala,202508,Entre 40 y 45 años,378.915,405.338524590,697,661,36,0,63,61,2,0
7,Transportes y comunicaciones,Veracruz,202508,Entre 40 y 45 años,364.962702703,422.847843972,4919,4405,514,0,742,705,37,0
7,Transportes y comunicaciones,Yucatán,202508,Entre 40 y 45 años,385.926923077,396.628601190,2867,2565,302,0,362,336,26,0
7,Transportes y comunicaciones,Zacatecas,202508,Entre 40 y 45 años,317.81,432.169361702,692,618,74,0,95,94,1,0
7,Transportes y comunicaciones,Aguascalientes,202508,Entre 45 y 50 años,328.255714286,407.290119048,588,514,74,0,91,84,7,0
7,Transportes y comunicaciones,Baja California,202508,Entre 45 y 50 años,397.507948718,425.404484127,1195,1002,193,0,291,252,39,0
7,Transportes y comunicaciones,Baja California Sur,202508,Entre 45 y 50 años,285.49,415.960270270,213,172,41,0,39,37,2,0
7,Transportes y comunicaciones,Campeche,202508,Entre 45 y 50 años,343.633333333,403.456756757,399,363,36,0,40,37,3,0
7,Transportes y comunicaciones,Chiapas,202508,Entre 45 y 50 años,375.705714286,397.708489583,1289,1192,97,0,199,192,7,0
7,Transportes y comunicaciones,Chihuahua,202508,Entre 45 y 50 años,377.069761905,403.551983914,2086,1687,399,0,415,373,42,0
7,Transportes y comunicaciones,Ciudad de México,202508,Entre 45 y 50 años,340.281292776,390.977539985,23566,21245,2321,0,4202,3939,263,0
7,Transportes y comunicaciones,Coahuila de Zaragoza,202508,Entre 45 y 50 años,348.384705882,404.27096,1584,1368,216,0,267,250,17,0
7,Transportes y comunicaciones,Colima,202508,Entre 45 y 50 años,352.79,408.62725,361,305,56,0,42,40,2,0
7,Transportes y comunicaciones,Durango,202508,Entre 45 y 50 años,359.91,400.823305085,854,745,109,0,129,118,11,0
7,Transportes y comunicaciones,Extranjero/Extranjera,202508,Entre 45 y 50 años,,,586,504,82,0,0,0,0,0
7,Transportes y comunicaciones,Guanajuato,202508,Entre 45 y 50 años,344.499473684,400.325555556,2168,1941,227,0,415,396,19,0
7,Transportes y comunicaciones,Guerrero,202508,Entre 45 y 50 años,362.579,421.053895349,915,810,105,0,182,172,10,0
7,Transportes y comunicaciones,Hidalgo,202508,Entre 45 y 50 años,326.365,442.754711538,572,519,53,0,110,104,6,0
7,Transportes y comunicaciones,Jalisco,202508,Entre 45 y 50 años,359.807191011,411.036626115,6081,5364,717,0,1322,1233,89,0
7,Transportes y comunicaciones,México,202508,Entre 45 y 50 años,356.472,394.123281027,4394,4041,353,0,721,701,20,0
7,Transportes y comunicaciones,Michoacán de Ocampo,202508,Entre 45 y 50 años,356.137272727,409.502717391,1259,1095,164,0,195,184,11,0
7,Transportes y comunicaciones,Morelos,202508,Entre 45 y 50 años,362.5075,379.884555556,817,728,89,0,94,90,4,0
7,Transportes y comunicaciones,Nayarit,202508,Entre 45 y 50 años,386.7475,431.022388060,398,358,40,0,71,67,4,0
7,Transportes y comunicaciones,Nuevo León,202508,Entre 45 y 50 años,410.144444444,455.995188498,5809,5157,652,0,1673,1565,108,0
7,Transportes y comunicaciones,Oaxaca,202508,Entre 45 y 50 años,333.315,411.684938272,1029,942,87,0,168,162,6,0
7,Transportes y comunicaciones,Puebla,202508,Entre 45 y 50 años,356.319411765,397.307216495,2703,2493,210,0,502,485,17,0
7,Transportes y comunicaciones,Querétaro,202508,Entre 45 y 50 años,346.142857143,414.992462687,698,638,60,0,141,134,7,0
7,Transportes y comunicaciones,Quintana Roo,202508,Entre 45 y 50 años,376.94,402.7165,235,206,29,0,21,20,1,0
7,Transportes y comunicaciones,San Luis Potosí,202508,Entre 45 y 50 años,365.52,444.595959596,997,852,145,0,212,198,14,0
7,Transportes y comunicaciones,Sinaloa,202508,Entre 45 y 50 años,404.678518519,401.591904762,2239,1951,288,0,384,357,27,0
7,Transportes y comunicaciones,Sonora,202508,Entre 45 y 50 años,369.338297872,407.048169935,1836,1529,307,0,353,306,47,0
7,Transportes y comunicaciones,Tabasco,202508,Entre 45 y 50 años,342.664545455,401.854370861,1173,1040,133,0,162,151,11,0
7,Transportes y comunicaciones,Tamaulipas,202508,Entre 45 y 50 años,389.902727273,429.825260116,1879,1641,238,0,368,346,22,0
7,Transportes y comunicaciones,Tlaxcala,202508,Entre 45 y 50 años,397.5375,429.668367347,438,405,33,0,53,49,4,0
7,Transportes y comunicaciones,Veracruz,202508,Entre 45 y 50 años,370.353,423.785229682,3332,3003,329,0,606,566,40,0
7,Transportes y comunicaciones,Yucatán,202508,Entre 45 y 50 años,355.350555556,405.40734375,1956,1755,201,0,274,256,18,0
7,Transportes y comunicaciones,Zacatecas,202508,Entre 45 y 50 años,389.46,416.711923077,517,470,47,0,110,104,6,0
7,Transportes y comunicaciones,Aguascalientes,202508,Entre 50 y 55 años,,401.930238095,386,351,35,0,84,84,0,0
7,Transportes y comunicaciones,Baja California,202508,Entre 50 y 55 años,388.434736842,425.593733333,866,749,117,0,244,225,19,0
7,Transportes y comunicaciones,Baja California Sur,202508,Entre 50 y 55 años,365.48,404.834583333,131,110,21,0,26,24,2,0
7,Transportes y comunicaciones,Campeche,202508,Entre 50 y 55 años,319.7675,415.582307692,304,269,35,0,43,39,4,0
7,Transportes y comunicaciones,Chiapas,202508,Entre 50 y 55 años,375.895,388.76016,763,679,84,0,129,125,4,0
7,Transportes y comunicaciones,Chihuahua,202508,Entre 50 y 55 años,391.139166667,406.359016393,1380,1148,232,0,329,305,24,0
7,Transportes y comunicaciones,Ciudad de México,202508,Entre 50 y 55 años,344.942401961,393.059898734,18497,16758,1739,0,3759,3555,204,0
7,Transportes y comunicaciones,Coahuila de Zaragoza,202508,Entre 50 y 55 años,328.225,425.992901554,1028,895,133,0,205,193,12,0
7,Transportes y comunicaciones,Colima,202508,Entre 50 y 55 años,337.6,421.180370370,238,207,31,0,28,27,1,0
7,Transportes y comunicaciones,Durango,202508,Entre 50 y 55 años,360.449,420.263333333,603,516,87,0,118,108,10,0
7,Transportes y comunicaciones,Extranjero/Extranjera,202508,Entre 50 y 55 años,,,378,318,60,0,0,0,0,0
7,Transportes y comunicaciones,Guanajuato,202508,Entre 50 y 55 años,348.418421053,410.236918605,1598,1455,143,0,363,344,19,0
7,Transportes y comunicaciones,Guerrero,202508,Entre 50 y 55 años,409.977777778,427.443260870,625,560,65,0,147,138,9,0
7,Transportes y comunicaciones,Hidalgo,202508,Entre 50 y 55 años,393.15,380.766329114,360,320,40,0,82,79,3,0
7,Transportes y comunicaciones,Jalisco,202508,Entre 50 y 55 años,355.764333333,403.479264113,4383,3890,493,0,1052,992,60,0
7,Transportes y comunicaciones,México,202508,Entre 50 y 55 años,349.137368421,387.536280788,2408,2215,193,0,425,406,19,0
7,Transportes y comunicaciones,Michoacán de Ocampo,202508,Entre 50 y 55 años,350.910769231,411.645953757,882,795,87,0,186,173,13,0
7,Transportes y comunicaciones,Morelos,202508,Entre 50 y 55 años,415.075,388.563846154,507,456,51,0,80,78,2,0
7,Transportes y comunicaciones,Nayarit,202508,Entre 50 y 55 años,517.392,454.020851064,303,270,33,0,52,47,5,0
7,Transportes y comunicaciones,Nuevo León,202508,Entre 50 y 55 años,424.420666667,453.151177446,3752,3298,454,0,1296,1206,90,0
7,Transportes y comunicaciones,Oaxaca,202508,Entre 50 y 55 años,417.285555556,414.476068376,630,583,47,0,126,117,9,0
7,Transportes y comunicaciones,Puebla,202508,Entre 50 y 55 años,348.396521739,402.237036082,1827,1671,156,0,411,388,23,0
7,Transportes y comunicaciones,Querétaro,202508,Entre 50 y 55 años,409.135,418.263417722,407,375,32,0,81,79,2,0
7,Transportes y comunicaciones,Quintana Roo,202508,Entre 50 y 55 años,303.48,436.184444444,93,81,12,0,10,9,1,0
7,Transportes y comunicaciones,San Luis Potosí,202508,Entre 50 y 55 años,393.595333333,435.640329670,716,621,95,0,197,182,15,0
7,Transportes y comunicaciones,Sinaloa,202508,Entre 50 y 55 años,398.9432,426.325390335,1462,1258,204,0,294,269,25,0
7,Transportes y comunicaciones,Sonora,202508,Entre 50 y 55 años,398.087241379,420.121313559,1185,999,186,0,265,236,29,0
7,Transportes y comunicaciones,Tabasco,202508,Entre 50 y 55 años,351.295454545,402.779716981,662,594,68,0,117,106,11,0
7,Transportes y comunicaciones,Tamaulipas,202508,Entre 50 y 55 años,388.219565217,407.289176471,1308,1139,169,0,278,255,23,0
7,Transportes y comunicaciones,Tlaxcala,202508,Entre 50 y 55 años,,402.054047619,283,266,17,0,42,42,0,0
7,Transportes y comunicaciones,Veracruz,202508,Entre 50 y 55 años,348.867058824,414.099493976,2068,1862,206,0,432,415,17,0
7,Transportes y comunicaciones,Yucatán,202508,Entre 50 y 55 años,329.3825,409.667704918,1443,1288,155,0,256,244,12,0
7,Transportes y comunicaciones,Zacatecas,202508,Entre 50 y 55 años,363.845,429.695138889,436,391,45,0,76,72,4,0
7,Transportes y comunicaciones,Aguascalientes,202508,Entre 55 y 60 años,,394.578225806,282,260,22,0,62,62,0,0
7,Transportes y comunicaciones,Baja California,202508,Entre 55 y 60 años,414.62375,430.080224719,387,329,58,0,97,89,8,0
7,Transportes y comunicaciones,Baja California Sur,202508,Entre 55 y 60 años,315.153333333,373.965,70,62,8,0,15,12,3,0
7,Transportes y comunicaciones,Campeche,202508,Entre 55 y 60 años,418.695,424.0592,178,157,21,0,27,25,2,0
7,Transportes y comunicaciones,Chiapas,202508,Entre 55 y 60 años,391.1,427.548983051,423,393,30,0,61,59,2,0
7,Transportes y comunicaciones,Chihuahua,202508,Entre 55 y 60 años,367.731538462,419.744461538,915,807,108,0,208,195,13,0
7,Transportes y comunicaciones,Ciudad de México,202508,Entre 55 y 60 años,341.265423729,389.756551871,11236,10318,918,0,2470,2352,118,0
7,Transportes y comunicaciones,Coahuila de Zaragoza,202508,Entre 55 y 60 años,402.9375,408.54,616,545,71,0,130,126,4,0
7,Transportes y comunicaciones,Colima,202508,Entre 55 y 60 años,432.7375,376.9332,140,124,16,0,29,25,4,0
7,Transportes y comunicaciones,Durango,202508,Entre 55 y 60 años,343.7275,403.277903226,331,298,33,0,66,62,4,0
7,Transportes y comunicaciones,Extranjero/Extranjera,202508,Entre 55 y 60 años,,,259,230,29,0,0,0,0,0
7,Transportes y comunicaciones,Guanajuato,202508,Entre 55 y 60 años,361.877777778,400.561779661,993,936,57,0,245,236,9,0
7,Transportes y comunicaciones,Guerrero,202508,Entre 55 y 60 años,312.184,408.330555556,375,335,40,0,95,90,5,0
7,Transportes y comunicaciones,Hidalgo,202508,Entre 55 y 60 años,323.61,395.930384615,252,240,12,0,53,52,1,0
7,Transportes y comunicaciones,Jalisco,202508,Entre 55 y 60 años,373.848333333,410.319195804,2402,2181,221,0,602,572,30,0
7,Transportes y comunicaciones,México,202508,Entre 55 y 60 años,329.795,398.968197425,1273,1185,88,0,237,233,4,0
7,Transportes y comunicaciones,Michoacán de Ocampo,202508,Entre 55 y 60 años,310,425.137096774,584,543,41,0,133,124,9,0
7,Transportes y comunicaciones,Morelos,202508,Entre 55 y 60 años,431.88,405.415128205,294,268,26,0,40,39,1,0
7,Transportes y comunicaciones,Nayarit,202508,Entre 55 y 60 años,,423.180571429,162,144,18,0,35,35,0,0
7,Transportes y comunicaciones,Nuevo León,202508,Entre 55 y 60 años,426.680540541,448.137844712,2316,2126,190,0,784,747,37,0
7,Transportes y comunicaciones,Oaxaca,202508,Entre 55 y 60 años,412.551666667,409.854305556,315,292,23,0,78,72,6,0
7,Transportes y comunicaciones,Puebla,202508,Entre 55 y 60 años,360.32,395.378370044,1078,1005,73,0,231,227,4,0
7,Transportes y comunicaciones,Querétaro,202508,Entre 55 y 60 años,315.47,403.098620690,234,222,12,0,59,58,1,0
7,Transportes y comunicaciones,Quintana Roo,202508,Entre 55 y 60 años,,456.565,34,30,4,0,2,2,0,0
7,Transportes y comunicaciones,San Luis Potosí,202508,Entre 55 y 60 años,371.773333333,439.831322314,446,405,41,0,127,121,6,0
7,Transportes y comunicaciones,Sinaloa,202508,Entre 55 y 60 años,377.493333333,399.232037037,847,763,84,0,171,162,9,0
7,Transportes y comunicaciones,Sonora,202508,Entre 55 y 60 años,374.515,399.417865169,762,645,117,0,200,178,22,0
7,Transportes y comunicaciones,Tabasco,202508,Entre 55 y 60 años,380.193333333,400.7832,329,287,42,0,56,50,6,0
7,Transportes y comunicaciones,Tamaulipas,202508,Entre 55 y 60 años,425.730555556,429.735773810,840,735,105,0,186,168,18,0
7,Transportes y comunicaciones,Tlaxcala,202508,Entre 55 y 60 años,,397.994117647,134,127,7,0,17,17,0,0
7,Transportes y comunicaciones,Veracruz,202508,Entre 55 y 60 años,329.564285714,423.493497758,1146,1053,93,0,230,223,7,0
7,Transportes y comunicaciones,Yucatán,202508,Entre 55 y 60 años,375.015,393.891666667,813,729,84,0,168,156,12,0
7,Transportes y comunicaciones,Zacatecas,202508,Entre 55 y 60 años,292.55,415.557397260,305,284,21,0,74,73,1,0
7,Transportes y comunicaciones,Aguascalientes,202508,Entre 60 y 65 años,,408.019268293,178,170,8,0,41,41,0,0
7,Transportes y comunicaciones,Baja California,202508,Entre 60 y 65 años,481.415,389.026666667,159,137,22,0,38,36,2,0
7,Transportes y comunicaciones,Baja California Sur,202508,Entre 60 y 65 años,,360.876,35,30,5,0,5,5,0,0
7,Transportes y comunicaciones,Campeche,202508,Entre 60 y 65 años,1030.8,421.493333333,65,63,2,0,7,6,1,0
7,Transportes y comunicaciones,Chiapas,202508,Entre 60 y 65 años,,352.283181818,170,159,11,0,22,22,0,0
7,Transportes y comunicaciones,Chihuahua,202508,Entre 60 y 65 años,436.47,399.284831461,435,391,44,0,94,89,5,0
7,Transportes y comunicaciones,Ciudad de México,202508,Entre 60 y 65 años,328,380.071404741,5973,5617,356,0,1168,1139,29,0
7,Transportes y comunicaciones,Coahuila de Zaragoza,202508,Entre 60 y 65 años,281.28,405.314647887,344,308,36,0,72,71,1,0
7,Transportes y comunicaciones,Colima,202508,Entre 60 y 65 años,292.54,377.346666667,66,60,6,0,13,12,1,0
7,Transportes y comunicaciones,Durango,202508,Entre 60 y 65 años,,412.828536585,182,163,19,0,41,41,0,0
7,Transportes y comunicaciones,Extranjero/Extranjera,202508,Entre 60 y 65 años,,,137,122,15,0,0,0,0,0
7,Transportes y comunicaciones,Guanajuato,202508,Entre 60 y 65 años,,386.887263158,499,475,24,0,95,95,0,0
7,Transportes y comunicaciones,Guerrero,202508,Entre 60 y 65 años,,412.164634146,192,178,14,0,41,41,0,0
7,Transportes y comunicaciones,Hidalgo,202508,Entre 60 y 65 años,403.15,398.639,151,142,9,0,31,30,1,0
7,Transportes y comunicaciones,Jalisco,202508,Entre 60 y 65 años,336.585,387.961335616,1194,1124,70,0,298,292,6,0
7,Transportes y comunicaciones,México,202508,Entre 60 y 65 años,,395.200526316,601,573,28,0,95,95,0,0
7,Transportes y comunicaciones,Michoacán de Ocampo,202508,Entre 60 y 65 años,,375.820163934,379,354,25,0,61,61,0,0
7,Transportes y comunicaciones,Morelos,202508,Entre 60 y 65 años,,391.107826087,129,117,12,0,23,23,0,0
7,Transportes y comunicaciones,Nayarit,202508,Entre 60 y 65 años,,381.69875,78,73,5,0,16,16,0,0
7,Transportes y comunicaciones,Nuevo León,202508,Entre 60 y 65 años,371.417272727,424.390091185,1124,1041,83,0,340,329,11,0
7,Transportes y comunicaciones,Oaxaca,202508,Entre 60 y 65 años,,425.503809524,192,170,22,0,42,42,0,0
7,Transportes y comunicaciones,Puebla,202508,Entre 60 y 65 años,353.863333333,365.853535354,546,516,30,0,102,99,3,0
7,Transportes y comunicaciones,Querétaro,202508,Entre 60 y 65 años,356.15,392.186666667,116,110,6,0,28,27,1,0
7,Transportes y comunicaciones,Quintana Roo,202508,Entre 60 y 65 años,,393.305,24,23,1,0,4,4,0,0
7,Transportes y comunicaciones,San Luis Potosí,202508,Entre 60 y 65 años,301.14,416.612705882,288,270,18,0,86,85,1,0
7,Transportes y comunicaciones,Sinaloa,202508,Entre 60 y 65 años,397.8325,369.471911765,418,380,38,0,72,68,4,0
7,Transportes y comunicaciones,Sonora,202508,Entre 60 y 65 años,376.584,393.815466667,404,366,38,0,80,75,5,0
7,Transportes y comunicaciones,Tabasco,202508,Entre 60 y 65 años,,428.647826087,132,123,9,0,23,23,0,0
7,Transportes y comunicaciones,Tamaulipas,202508,Entre 60 y 65 años,422.433333333,394.825882353,432,400,32,0,88,85,3,0
7,Transportes y comunicaciones,Tlaxcala,202508,Entre 60 y 65 años,292.54,398.56,111,106,5,0,14,13,1,0
7,Transportes y comunicaciones,Veracruz,202508,Entre 60 y 65 años,298.34,420.719897959,572,518,54,0,99,98,1,0
7,Transportes y comunicaciones,Yucatán,202508,Entre 60 y 65 años,341.4525,393.475789474,379,354,25,0,61,57,4,0
7,Transportes y comunicaciones,Zacatecas,202508,Entre 60 y 65 años,439.395,414.309523810,191,179,12,0,44,42,2,0
7,Transportes y comunicaciones,Aguascalientes,202508,Entre 65 y 70 años,,395.07,47,46,1,0,10,10,0,0
7,Transportes y comunicaciones,Baja California,202508,Entre 65 y 70 años,334.81,414.896666667,68,65,3,0,13,12,1,0
7,Transportes y comunicaciones,Baja California Sur,202508,Entre 65 y 70 años,,315.09,10,10,0,0,1,1,0,0
7,Transportes y comunicaciones,Campeche,202508,Entre 65 y 70 años,,451.79,19,19,0,0,1,1,0,0
7,Transportes y comunicaciones,Chiapas,202508,Entre 65 y 70 años,,346.294285714,62,61,1,0,7,7,0,0
7,Transportes y comunicaciones,Chihuahua,202508,Entre 65 y 70 años,,404.818108108,151,144,7,0,37,37,0,0
7,Transportes y comunicaciones,Ciudad de México,202508,Entre 65 y 70 años,348.91125,371.339157303,2236,2118,118,0,364,356,8,0
7,Transportes y comunicaciones,Coahuila de Zaragoza,202508,Entre 65 y 70 años,,411.3784,118,110,8,0,25,25,0,0
7,Transportes y comunicaciones,Colima,202508,Entre 65 y 70 años,,391.625,37,37,0,0,6,6,0,0
7,Transportes y comunicaciones,Durango,202508,Entre 65 y 70 años,,374.862142857,67,63,4,0,14,14,0,0
7,Transportes y comunicaciones,Extranjero/Extranjera,202508,Entre 65 y 70 años,,,67,64,3,0,0,0,0,0
7,Transportes y comunicaciones,Guanajuato,202508,Entre 65 y 70 años,407.81,384.923243243,184,178,6,0,38,37,1,0
7,Transportes y comunicaciones,Guerrero,202508,Entre 65 y 70 años,,434.775714286,71,65,6,0,14,14,0,0
7,Transportes y comunicaciones,Hidalgo,202508,Entre 65 y 70 años,,367.96,68,60,8,0,12,12,0,0
7,Transportes y comunicaciones,Jalisco,202508,Entre 65 y 70 años,,382.429861111,403,380,23,0,72,72,0,0
7,Transportes y comunicaciones,México,202508,Entre 65 y 70 años,,379.705161290,204,198,6,0,31,31,0,0
7,Transportes y comunicaciones,Michoacán de Ocampo,202508,Entre 65 y 70 años,369.726666667,365.204230769,146,128,18,0,29,26,3,0
7,Transportes y comunicaciones,Morelos,202508,Entre 65 y 70 años,,346.443333333,38,38,0,0,6,6,0,0
7,Transportes y comunicaciones,Nayarit,202508,Entre 65 y 70 años,,492.533333333,39,36,3,0,9,9,0,0
7,Transportes y comunicaciones,Nuevo León,202508,Entre 65 y 70 años,424.233333333,429.415384615,348,322,26,0,107,104,3,0
7,Transportes y comunicaciones,Oaxaca,202508,Entre 65 y 70 años,357.74,388.601538462,72,66,6,0,14,13,1,0
7,Transportes y comunicaciones,Puebla,202508,Entre 65 y 70 años,459.84,358.457826087,181,168,13,0,24,23,1,0
7,Transportes y comunicaciones,Querétaro,202508,Entre 65 y 70 años,,423.822,41,41,0,0,5,5,0,0
7,Transportes y comunicaciones,Quintana Roo,202508,Entre 65 y 70 años,,,2,2,0,0,0,0,0,0
7,Transportes y comunicaciones,San Luis Potosí,202508,Entre 65 y 70 años,298.65,396.675,104,95,9,0,21,20,1,0
7,Transportes y comunicaciones,Sinaloa,202508,Entre 65 y 70 años,355.27,389.383333333,157,147,10,0,22,21,1,0
7,Transportes y comunicaciones,Sonora,202508,Entre 65 y 70 años,695.883333333,365.337352941,153,143,10,0,37,34,3,0
7,Transportes y comunicaciones,Tabasco,202508,Entre 65 y 70 años,,377.572222222,40,39,1,0,9,9,0,0
7,Transportes y comunicaciones,Tamaulipas,202508,Entre 65 y 70 años,,375.655,141,136,5,0,28,28,0,0
7,Transportes y comunicaciones,Tlaxcala,202508,Entre 65 y 70 años,,342.4625,43,40,3,0,4,4,0,0
7,Transportes y comunicaciones,Veracruz,202508,Entre 65 y 70 años,292.54,434.405769231,189,179,10,0,27,26,1,0
7,Transportes y comunicaciones,Yucatán,202508,Entre 65 y 70 años,302.7,374.455,121,115,6,0,25,24,1,0
7,Transportes y comunicaciones,Zacatecas,202508,Entre 65 y 70 años,,419.311666667,74,67,7,0,18,18,0,0
7,Transportes y comunicaciones,Aguascalientes,202508,Entre 70 y 75 años,,438.1125,18,18,0,0,4,4,0,0
7,Transportes y comunicaciones,Baja California,202508,Entre 70 y 75 años,,297.74,13,11,2,0,2,2,0,0
7,Transportes y comunicaciones,Baja California Sur,202508,Entre 70 y 75 años,,,2,2,0,0,0,0,0,0
7,Transportes y comunicaciones,Campeche,202508,Entre 70 y 75 años,,378.44,10,8,2,0,2,2,0,0
7,Transportes y comunicaciones,Chiapas,202508,Entre 70 y 75 años,,318.2,9,8,1,0,2,2,0,0
7,Transportes y comunicaciones,Chihuahua,202508,Entre 70 y 75 años,,399.425,23,22,1,0,6,6,0,0
7,Transportes y comunicaciones,Ciudad de México,202508,Entre 70 y 75 años,294.73,368.803695652,602,570,32,0,93,92,1,0
7,Transportes y comunicaciones,Coahuila de Zaragoza,202508,Entre 70 y 75 años,,344.855,35,34,1,0,6,6,0,0
7,Transportes y comunicaciones,Colima,202508,Entre 70 y 75 años,,,10,9,1,0,0,0,0,0
7,Transportes y comunicaciones,Durango,202508,Entre 70 y 75 años,,449.63,19,18,1,0,2,2,0,0
7,Transportes y comunicaciones,Extranjero/Extranjera,202508,Entre 70 y 75 años,,,24,24,0,0,0,0,0,0
7,Transportes y comunicaciones,Guanajuato,202508,Entre 70 y 75 años,,359.55375,50,49,1,0,8,8,0,0
7,Transportes y comunicaciones,Guerrero,202508,Entre 70 y 75 años,,428.22,21,18,3,0,4,4,0,0
7,Transportes y comunicaciones,Hidalgo,202508,Entre 70 y 75 años,,329.915,18,17,1,0,2,2,0,0
7,Transportes y comunicaciones,Jalisco,202508,Entre 70 y 75 años,,370.818125,114,107,7,0,16,16,0,0
7,Transportes y comunicaciones,México,202508,Entre 70 y 75 años,,341.779090909,58,53,5,0,11,11,0,0
7,Transportes y comunicaciones,Michoacán de Ocampo,202508,Entre 70 y 75 años,,387.5,44,42,2,0,9,9,0,0
7,Transportes y comunicaciones,Morelos,202508,Entre 70 y 75 años,,510.39,15,15,0,0,1,1,0,0
7,Transportes y comunicaciones,Nayarit,202508,Entre 70 y 75 años,,372.696666667,13,12,1,0,3,3,0,0
7,Transportes y comunicaciones,Nuevo León,202508,Entre 70 y 75 años,427.39,427.500555556,78,73,5,0,19,18,1,0
7,Transportes y comunicaciones,Oaxaca,202508,Entre 70 y 75 años,,352.47,25,23,2,0,3,3,0,0
7,Transportes y comunicaciones,Puebla,202508,Entre 70 y 75 años,,410.7025,53,52,1,0,8,8,0,0
7,Transportes y comunicaciones,Querétaro,202508,Entre 70 y 75 años,,,10,10,0,0,0,0,0,0
7,Transportes y comunicaciones,Quintana Roo,202508,Entre 70 y 75 años,,,2,1,1,0,0,0,0,0
7,Transportes y comunicaciones,San Luis Potosí,202508,Entre 70 y 75 años,,425.66,28,27,1,0,6,6,0,0
7,Transportes y comunicaciones,Sinaloa,202508,Entre 70 y 75 años,,445.454285714,46,46,0,0,7,7,0,0
7,Transportes y comunicaciones,Sonora,202508,Entre 70 y 75 años,,415.51,46,46,0,0,7,7,0,0
7,Transportes y comunicaciones,Tabasco,202508,Entre 70 y 75 años,330.64,325.71,5,4,1,0,2,1,1,0
7,Transportes y comunicaciones,Tamaulipas,202508,Entre 70 y 75 años,,414.647857143,45,44,1,0,14,14,0,0
7,Transportes y comunicaciones,Tlaxcala,202508,Entre 70 y 75 años,,326.38,12,11,1,0,2,2,0,0
7,Transportes y comunicaciones,Veracruz,202508,Entre 70 y 75 años,,380.322222222,70,65,5,0,9,9,0,0
7,Transportes y comunicaciones,Yucatán,202508,Entre 70 y 75 años,,488.7125,34,34,0,0,4,4,0,0
7,Transportes y comunicaciones,Zacatecas,202508,Entre 70 y 75 años,,531.1375,20,19,1,0,4,4,0,0
7,Transportes y comunicaciones,Ciudad de México,202508,Entre 20 y 25 años,321.860892857,350.914602851,31169,27960,3208,1,1038,982,56,0
